-- phpMyAdmin SQL Dump
-- version 4.5.1
-- http://www.phpmyadmin.net
--
-- Host: 127.0.0.1
-- Generation Time: Dec 28, 2017 at 07:45 AM
-- Server version: 10.1.13-MariaDB
-- PHP Version: 7.0.8

SET SQL_MODE = "NO_AUTO_VALUE_ON_ZERO";
SET time_zone = "+00:00";


/*!40101 SET @OLD_CHARACTER_SET_CLIENT=@@CHARACTER_SET_CLIENT */;
/*!40101 SET @OLD_CHARACTER_SET_RESULTS=@@CHARACTER_SET_RESULTS */;
/*!40101 SET @OLD_COLLATION_CONNECTION=@@COLLATION_CONNECTION */;
/*!40101 SET NAMES utf8mb4 */;

--
-- Database: `bookstore_db`
--

-- --------------------------------------------------------

--
-- Table structure for table `book`
--

CREATE TABLE `book` (
  `BOOK_ID` int(255) NOT NULL,
  `NAME` varchar(255) NOT NULL,
  `AUTHOR` varchar(255) NOT NULL,
  `COURSE_ID` int(255) NOT NULL,
  `COPIES` int(11) NOT NULL,
  `BUYING PRICE` float NOT NULL,
  `SELLING PRICE` float NOT NULL
) ENGINE=InnoDB DEFAULT CHARSET=latin1;

--
-- Dumping data for table `book`
--

INSERT INTO `book` (`BOOK_ID`, `NAME`, `AUTHOR`, `COURSE_ID`, `COPIES`, `BUYING PRICE`, `SELLING PRICE`) VALUES
(1, 'Let Us C', 'ABCD', 1, 10, 100, 150),
(2, 'Introduction to Database', 'EFG', 1012, 10, 120, 160);

-- --------------------------------------------------------

--
-- Table structure for table `cart`
--

CREATE TABLE `cart` (
  `serial_no` int(255) NOT NULL,
  `name` varchar(255) NOT NULL,
  `price` double NOT NULL,
  `user_id` int(255) NOT NULL
) ENGINE=InnoDB DEFAULT CHARSET=latin1;

--
-- Dumping data for table `cart`
--

INSERT INTO `cart` (`serial_no`, `name`, `price`, `user_id`) VALUES
(1, 'Let Us C', 150, 1),
(2, 'Introduction to Database', 160, 1),
(3, 'Introduction to Database', 160, 1),
(4, 'Introduction to Database', 160, 1),
(5, 'Introduction to Database', 160, 1),
(6, 'Introduction to Database', 160, 1);

-- --------------------------------------------------------

--
-- Table structure for table `course`
--

CREATE TABLE `course` (
  `course_id` int(255) NOT NULL,
  `name` varchar(255) NOT NULL,
  `dept_id` int(255) NOT NULL
) ENGINE=InnoDB DEFAULT CHARSET=latin1;

--
-- Dumping data for table `course`
--

INSERT INTO `course` (`course_id`, `name`, `dept_id`) VALUES
(1, 'PL1', 1),
(2, 'DC', 2),
(3, 'ADMS', 1),
(4, 'Economic', 2),
(5, 'ADMS', 1),
(6, 'Economic', 2),
(7, 'SQAT', 3),
(8, 'SDPM', 4),
(9, 'SQAT', 3),
(10, 'SDPM', 4);

-- --------------------------------------------------------

--
-- Table structure for table `department`
--

CREATE TABLE `department` (
  `dept_id` int(255) NOT NULL,
  `name` varchar(255) NOT NULL
) ENGINE=InnoDB DEFAULT CHARSET=latin1;

--
-- Dumping data for table `department`
--

INSERT INTO `department` (`dept_id`, `name`) VALUES
(1, 'CS'),
(2, 'EEE'),
(3, 'COE'),
(4, 'BBA');

-- --------------------------------------------------------

--
-- Table structure for table `employee`
--

CREATE TABLE `employee` (
  `id` int(255) NOT NULL,
  `name` varchar(255) NOT NULL,
  `email` varchar(255) NOT NULL,
  `phone` varchar(255) NOT NULL,
  `role` varchar(255) NOT NULL,
  `gender` varchar(255) NOT NULL,
  `status` varchar(255) NOT NULL,
  `image` longblob NOT NULL,
  `password` varchar(255) NOT NULL
) ENGINE=InnoDB DEFAULT CHARSET=latin1;

--
-- Dumping data for table `employee`
--

INSERT INTO `employee` (`id`, `name`, `email`, `phone`, `role`, `gender`, `status`, `image`, `password`) VALUES
(1001, 'Fomy Kaniz Fatema', 'kfomy.aiub@gmail.com', '01611172280', 'admin', 'female', 'active', 0xffd8ffe000104a4649460001010100c800c80000ffe13c1e4578696600004d4d002a00000008000d000b000200000026000008b6010f000200000003485000000110000200000010000008dc011200030000000100010000011a000500000001000008ec011b000500000001000008f40128000300000001000200000131000200000026000008fc013200020000001400000922021300030000000100020000021400050000000600000936876900040000000100000966ea1c00070000080c000000aa0000142a1cea00000008000000000000000000000000000000000000000000000000000000000000000000000000000000000000000000000000000000000000000000000000000000000000000000000000000000000000000000000000000000000000000000000000000000000000000000000000000000000000000000000000000000000000000000000000000000000000000000000000000000000000000000000000000000000000000000000000000000000000000000000000000000000000000000000000000000000000000000000000000000000000000000000000000000000000000000000000000000000000000000000000000000000000000000000000000000000000000000000000000000000000000000000000000000000000000000000000000000000000000000000000000000000000000000000000000000000000000000000000000000000000000000000000000000000000000000000000000000000000000000000000000000000000000000000000000000000000000000000000000000000000000000000000000000000000000000000000000000000000000000000000000000000000000000000000000000000000000000000000000000000000000000000000000000000000000000000000000000000000000000000000000000000000000000000000000000000000000000000000000000000000000000000000000000000000000000000000000000000000000000000000000000000000000000000000000000000000000000000000000000000000000000000000000000000000000000000000000000000000000000000000000000000000000000000000000000000000000000000000000000000000000000000000000000000000000000000000000000000000000000000000000000000000000000000000000000000000000000000000000000000000000000000000000000000000000000000000000000000000000000000000000000000000000000000000000000000000000000000000000000000000000000000000000000000000000000000000000000000000000000000000000000000000000000000000000000000000000000000000000000000000000000000000000000000000000000000000000000000000000000000000000000000000000000000000000000000000000000000000000000000000000000000000000000000000000000000000000000000000000000000000000000000000000000000000000000000000000000000000000000000000000000000000000000000000000000000000000000000000000000000000000000000000000000000000000000000000000000000000000000000000000000000000000000000000000000000000000000000000000000000000000000000000000000000000000000000000000000000000000000000000000000000000000000000000000000000000000000000000000000000000000000000000000000000000000000000000000000000000000000000000000000000000000000000000000000000000000000000000000000000000000000000000000000000000000000000000000000000000000000000000000000000000000000000000000000000000000000000000000000000000000000000000000000000000000000000000000000000000000000000000000000000000000000000000000000000000000000000000000000000000000000000000000000000000000000000000000000000000000000000000000000000000000000000000000000000000000000000000000000000000000000000000000000000000000000000000000000000000000000000000000000000000000000000000000000000000000000000000000000000000000000000000000000000000000000000000000000000000000000000000000000000000000000000000000000000000000000000000000000000000000000000000000000000000000000000000000000000000000000000000000000000000000000000000000000000000000000000000000000000000000000000000000000000000000000000000000000000000000000000000000000000000000000000000000000000000000000000000000000000000000000000000000000000000000000000000000000000000000000000000000000000000000000000000000000000000000000000000000000000000000000000000000000000000000000000000000000000000000000000000000000000000000000000000000000000000000000000000000000000000000000000000000000000000000000000000000000000000000000000000000000000000000000000000000000000000000000000000000000000000000000000000000000000000000000000000000000000000000000000000000000000000000000000000000000000000000000000000000000000000000000000000000000000000000000000000000000000000000000000000000000000000000000000000000000000000000000000000000000000000000000000000000000000000000000000000000000000000000000000000000000000000000000000000000000000000000000000000000000000000000000000000000000000000000000000000000000000000000000000000000000000000000000000000000000000000000000000000000000000000000000000000000000000000000000000000000000000000000000000000000000000000000000000000000000000000000000000000000000000000000000000000000000000000000057696e646f77732050686f746f20456469746f722031302e302e31303031312e3136333834004850205363616e6a6574203535393000000000c800000001000000c80000000157696e646f77732050686f746f20456469746f722031302e302e31303031312e313633383400323031373a31323a30382032303a33383a3035000000000000000001000000ff000000010000008000000001000000ff000000010000008000000001000000ff00000001000b9000000700000004303232309003000200000014000011fc910100070000000401020300a00000070000000430313030a00100030000000100010000a00200040000000100000145a00300040000000100000193a40900030000000100010000a40a00030000000100010000a40b00070000021800001210ea1c00070000080c000009f0000000001cea000000080000000000000000000000000000000000000000000000000000000000000000000000000000000000000000000000000000000000000000000000000000000000000000000000000000000000000000000000000000000000000000000000000000000000000000000000000000000000000000000000000000000000000000000000000000000000000000000000000000000000000000000000000000000000000000000000000000000000000000000000000000000000000000000000000000000000000000000000000000000000000000000000000000000000000000000000000000000000000000000000000000000000000000000000000000000000000000000000000000000000000000000000000000000000000000000000000000000000000000000000000000000000000000000000000000000000000000000000000000000000000000000000000000000000000000000000000000000000000000000000000000000000000000000000000000000000000000000000000000000000000000000000000000000000000000000000000000000000000000000000000000000000000000000000000000000000000000000000000000000000000000000000000000000000000000000000000000000000000000000000000000000000000000000000000000000000000000000000000000000000000000000000000000000000000000000000000000000000000000000000000000000000000000000000000000000000000000000000000000000000000000000000000000000000000000000000000000000000000000000000000000000000000000000000000000000000000000000000000000000000000000000000000000000000000000000000000000000000000000000000000000000000000000000000000000000000000000000000000000000000000000000000000000000000000000000000000000000000000000000000000000000000000000000000000000000000000000000000000000000000000000000000000000000000000000000000000000000000000000000000000000000000000000000000000000000000000000000000000000000000000000000000000000000000000000000000000000000000000000000000000000000000000000000000000000000000000000000000000000000000000000000000000000000000000000000000000000000000000000000000000000000000000000000000000000000000000000000000000000000000000000000000000000000000000000000000000000000000000000000000000000000000000000000000000000000000000000000000000000000000000000000000000000000000000000000000000000000000000000000000000000000000000000000000000000000000000000000000000000000000000000000000000000000000000000000000000000000000000000000000000000000000000000000000000000000000000000000000000000000000000000000000000000000000000000000000000000000000000000000000000000000000000000000000000000000000000000000000000000000000000000000000000000000000000000000000000000000000000000000000000000000000000000000000000000000000000000000000000000000000000000000000000000000000000000000000000000000000000000000000000000000000000000000000000000000000000000000000000000000000000000000000000000000000000000000000000000000000000000000000000000000000000000000000000000000000000000000000000000000000000000000000000000000000000000000000000000000000000000000000000000000000000000000000000000000000000000000000000000000000000000000000000000000000000000000000000000000000000000000000000000000000000000000000000000000000000000000000000000000000000000000000000000000000000000000000000000000000000000000000000000000000000000000000000000000000000000000000000000000000000000000000000000000000000000000000000000000000000000000000000000000000000000000000000000000000000000000000000000000000000000000000000000000000000000000000000000000000000000000000000000000000000000000000000000000000000000000000000000000000000000000000000000000000000000000000000000000000000000000000000000000000000000000000000000000000000000000000000000000000000000000000000000000000000000000000000000000000000000000000000000000000000000000000000000000000000000000000000000000000000000000000000000000000000000000000000000000000000000000000000000000000000000000000000000000000000000000000000000000000000000000000000000000000000000000000000000000000000000000000000000000000000000000000000000000000000000000000000000000000000000000000000000000000000000000000000000000000000000000000000000000000000000000000000000000000000000000000000000000000000000000000000000000000000000000000000000000000000000000000000000000000000000000000000000000000000000000000000000000000000000000000000000000000000000000000000000000000000000000000000000000000000000000000000000323031343a30343a31362031353a35333a313700010013002020203041302020203741302020203841304850534930303032000020203131413020202030413020202030413020202020202020300000202032314130202020304130202020304130202020202020203000002020333141302020203041302020203041302020202020202030000020203332413020202030413020202030413020202020202020300000202034314130202020304130202020304130202020202020203000002020343241302020203041302020203041302020202020202030000020203433413020202030413020202030413020202020202020300000202034344130202020304130202020304130202020202020203000002020353141302020203041302020203041302020202020202030000020203631413020202031413020202031413020202020202020300000202036324130202020304130202020304130202020202020203000002020363341302020203041302020203041302020202020202030000020203634413020202030413020202030413020202020202020300000202037314130202020314130202020314130202020202020203000002020383141302020203441302020203141302020202020202030000020203832413020202034413020202031413020202020202020300000202038334130202020344130202020314130202020202020203000002020383441302020203441302020203141302020202020202030000000000006010300030000000100060000011a00050000000100001478011b0005000000010000148001280003000000010002000002010004000000010000148802020004000000010000278e0000000000000060000000010000006000000001ffd8ffdb004300080606070605080707070909080a0c140d0c0b0b0c1912130f141d1a1f1e1d1a1c1c20242e2720222c231c1c2837292c30313434341f27393d38323c2e333432ffdb0043010909090c0b0c180d0d1832211c213232323232323232323232323232323232323232323232323232323232323232323232323232323232323232323232323232ffc0001108010000b403012100021101031101ffc4001f0000010501010101010100000000000000000102030405060708090a0bffc400b5100002010303020403050504040000017d01020300041105122131410613516107227114328191a1082342b1c11552d1f02433627282090a161718191a25262728292a3435363738393a434445464748494a535455565758595a636465666768696a737475767778797a838485868788898a92939495969798999aa2a3a4a5a6a7a8a9aab2b3b4b5b6b7b8b9bac2c3c4c5c6c7c8c9cad2d3d4d5d6d7d8d9dae1e2e3e4e5e6e7e8e9eaf1f2f3f4f5f6f7f8f9faffc4001f0100030101010101010101010000000000000102030405060708090a0bffc400b51100020102040403040705040400010277000102031104052131061241510761711322328108144291a1b1c109233352f0156272d10a162434e125f11718191a262728292a35363738393a434445464748494a535455565758595a636465666768696a737475767778797a82838485868788898a92939495969798999aa2a3a4a5a6a7a8a9aab2b3b4b5b6b7b8b9bac2c3c4c5c6c7c8c9cad2d3d4d5d6d7d8d9dae2e3e4e5e6e7e8e9eaf2f3f4f5f6f7f8f9faffda000c03010002110311003f00eb3ed1281feb5f3ea5a8329ce412d8e79635f51c896c7c873b7bb198cbe0e3a74cd588c6d4233db9079cd296c5416a480291d88f4a76e1b810437a9acddcdd58569541e1b24f26a37941182c001529177209ae6de38d9a69c2381b97dcfa573d7fe288adc6d89b739f6ebf856d4e9b96fb1856abcaed0d59947c6d0dbb14b978f04649cf3576cfc5da6dc92a933963d028a7cd4dcb962f51fb1c4469fb49c5d8d88757b7989092f3d7e63838ab715ca3f01c723d694a9b5b930ab196cc91a450475fce98d382306a5229cac42f3000e07e66a19241b791f99ad12309c8aed2807a13f8d519ee39217a9ae9844e0ab3b2b15da407a715116e78ad91cc26f3d80a2a82c7531c8dc61ba71d7ad4bbb241eb9ae1691ea45b2451f3039e7a75c63dea488fa9fc31cd66cde01925b3bb1dc535e56c1238c549a2bd8a8f7222192d91efdab035cf175ae9b111e60de7a28e4d3938c1734b61538ceacbd9d3d5b3cff53f1adddd7117ca31f78f5ae766bf9a6666925918b77dd5e5623173a8ecb447d4e032ca7878de5ac9f521de48248fa9cd24533c720656c107ad722934ee7a6e09ab3d8d7b6f10dec602493b3200390067f3ad6d3fc6b736f3012a968d4e0927e6af469e6324929ea78788c8a9cef2a7a1de58f8aed2f6156427711dab621996750ca720f4e6bbdb4a1ccb63e7b964aa3a735668246c123a8fad40ed8048e335a40c2a34ae509a5fe118f7aabbb835d715a1e5d47cd21849a6e78ab124283c7345033a442c1b1d80e2ac2392b9cf0a7a57248f420fa120723d327a9c77a9412abbb23207358b3a22c8da465f981e5b81ef55aeeee1b5b769257550a3b9c66848bb9e61e20f1acd2b3c368f8ea376381f4f535c5cb7325c4bbe59199c9e4e79af2b1788f692e55b23e9f2ac0ac3c39e7f13feac467af2791d6902938e9c9c75ae13d942b61b2c0607a0a6e06700e7d6810f0300e7939c75a7176619ce39c819cd2634490ddcf03ab248e1979041ed5dd7867c5b1b6d82e89590f46ec6bbb0988b3e496ccf1f34c0aa91f6d05ef23b68ee5255c86fd69971200a47af626bdb8ad4f8ca8fddb99ce72d93dea3cf1db9aea479dd46668e2a8a0fc68a2e074901247382768e7d6ad4631c0c01e95c923b69ab930fc4d2b3851b719fc2b1675ab2285e5d476d6cd2c84800138e95e49e24f11c97f3bc625263e4706b0c555f674acb7677e5786f6f884ded1d4e5dc9e0e460f3814dc9041c739cf4af119f63b066973bbb8c75f6a91813c529ca6d6561bb3d30723de8602f18c7e23da9db71851927d850310e436ee413e9de9caed1e1b27ae7ad086d5d1d9786fc46c92a5b4ee7711805cf535d83dc09467763db35f4983abed69a9753f3ece30ef0d5dc16cf54405b3de9b9c735de8f1509bb8a3200a63149a2988df8e41e6edc83c60d5d56c276ae59a3b294ae383923b0f438a8e4970bcb00a0727d2b2b1d499e61e36f123dc48d656f21dbfc641e83d2b8539c735e3632a73d47e47d7e5143d961937bcb50248183eb49f43c5719e98a02e71bb0319c9a423191400e04fca0e76fa51d7ae7d8d21924684b12149cf518cd4be539dec5586493cf7a2e5a8b236ec8abd38e3b9a403f881f63420601da39772b60f5c8af40d0f5317b6899c798bc30af572ca969b83ea7cdf1161f9e82aaba1ae1b2334bdfdabdd47c4d83d29d1a176c738ee71d0536ecaec718f33b0adb11d954ee504e1b18c8a292774128b4ec8dab7000e08240cf1575186e2c4e7bd6333a28dac2f98324ab1c038c5737e27d51ad2d9d43951b727fa5657514e4fa1d514e72505d59e3f3cc66999db92c7249a8f9e0fa8c8af9c93bb3f4082e54a284cd2eee83b039a82d8019e94e0adc3104fa530487a23ca5550124f6039ae9f41f04ea5a9c88e60658723e6c8acaa54505a9d5468b93bf43d0ad7e1e430850ca3df9a6ea7e038a64db1ed071c923ad70baf2e6b9df6a6d72a3cef58f0adde9d230f2f2a3800f7fa573cebf31c718278f6aefa735257479f569b831adb8000851c9e9d8f15a1a4df9b1bd473feacfcaf8fd2ba2854f675148f3f1747db50953ee8f40b7955d14820e466ac120d7d5ad753f329c6cecc4cfbd11c862955c2abe3a83d0d135cd16874a5c9252ec4bf6861d1540cf00a838a2a5535d4b75ddf4346ddc93c9eddaae2b3176272147bf5a2689a2ee89998226e2028033f4af29f196a2f34de4eefbc7730cf6ed5c18b972d1979e87b995d2e7c5c176d4e47bd000cfb7bd7827db067b11edd28c520b0f45cb0e3bf4ae8f40f0a5feb936db784ed079623007bd4ce6a2ae6d4a9b948f5bf0e7c3cb0d191649713dc91cbb0e07d076aec21b38a218440a3d8579d26e72bb3ae534a3cb127318f4fcea392204720543899a96a66dfe8f6d790b24a80e7dabc5fc65e1193489da7806e80e78ada84f96566693f7e1e87158c3f3dfd68190b9e991f98af411c2cecfc377c67b4d8e7e68f007d2ba1073d0d7d4e127cf462cfcdf34a3ecb1538f98ecf4a05749e70ecfbfeb453158bd148540231ef9aba93b2e724e0f3f8567349954a4d321d5af0c56bc918604fe15e43ae4de75fb36e25870463815e5e61a514bccfa7c853962652ec8cbc9cf5e29410700f1ee2bc53eb80719193562d6da6bcb848204679246daaa0739a4f42e316dd8f5af0c7c2755586e7579f739218dba0e063b135ea367a75ad8c2b05b431c48bd15140ae29c9cce96d4172a2cec5c74a50a076acec67714a8f6a4db4ac1723603d2b1b59d320d42c9e19901047a54cb4d4da9bd4f9fbc49a2be917ef1800a64ff00faab1091f28c92057a54e5cc9339ea47964d1a7a1dd35bea11679593e53cd77b1b65457d0e593bd271eccf86e21a5cb8853ee8979fad3890cd90a17b606715e99f3a1b4d140ae5b43861564c81a338620818193fe734a489834b439fd62e1de3619392702bceafdc35c49b58150e703d3a735e466bb44faee1c5f132a718e09a705e0b6475c63bd78a7d5a1e371c21270bcd7ad7c2af09ab83addd265b38855874f7ac6b4ad1b1d14559b9763d8628801d2a5087159456867296a26da4c71835360b805cd2edf5ef4b942e46eb55a55e0d67389a419e5bf10f4113c4d74bc6de58e3381eb5e44ca55981c100e7206335d586778d8ac42d53047092865e0af420e2bd074cb933d9c721ce48e6bdecae5efca27c8f1253bd384cbe0e7f1a70eb5ee1f1cd0e1b8f4345327427e40ce0d38cc514b0ebebe943d485a330b51602391db1f282339af3b91b7eee1797273debc3cd5fbd147daf0ec5f24dfa11f20f152004a6e1db86af20fa5469e87a53eb1ac5bd947f2891fe663d877afa674882dad2d22b680af971a85502b0aaef248eb8a7ecee6b2edec453c918ea2876b1caef7183149590c3a0a52cb8e580a69a0b37b103dcc383fbc155e7b98c21604b0f6153369a3785395cc1d58417b6132c6cad95391dc57ced7b0f93793465790e475a30af56695d3e5572a950c4007e6ce00c575de1ab85680c6cdf74f4ce715eee5d2b57b773e6b3d873611becd1d1ab034f1d3eb5f448f8263c514c824cf6cd453c842706808ad4e675b94ae992b119dc4835c600400c57e5cf5ed5f3d993bd54bc8fbcc8636c3b7e6181db38a7c7956f9473dc1af34f751ddfc33d19f52d6e499982c30afcd8ee4f6cd7b7adaaa2611cae3a60d71d56b9d9dd1938c1233ae2df5059731dd7cbf5e6a582eafa3e24c30f5cd72ca6d1bda9ce3b1ad6f705f835689cd69095d1e7d48da4412cbb075e2b2aea59dce15b6a7727bd44a7d0de8415eec8e1b72cf9661b6afc6912263a83eb5519234a927b232355d2e297fd221cc73af21d38cfb1af08f12a3db6bd7614b27ef09e0f7f4fe75ae1fe364d677a68c1c2e7e66393d0d6bf87a52974539e41c0af5f092e5af1678799439f0b35e476719c8e956030dbd39cf5afa83f3990ecfb514ee40f3552ea40b1ff003a6c74d5d9c978967fdcc30838c9c919ae77e5d9839dd9ebdb15f338f95ebb3f40ca21cb848f98dcfbf1e99a706c1e87dab8cf58f53f863a8c1a7e9b7ad310a4beefad74537c4685659520b7967f2c125625dcd81d493d00af367094ea3513d3518aa6a52ec65c5f12aeafb5086de0b38634988daf2ddaa81938e700e0fb75aec6e0ea9a6de4515e4236c98f9d0ee4fc1b03f5028a987718dc546a4252e4b58ddb563c12319ad00415ace1a2396aaf78a178cdd16b97f2f52d6b546b4b69a286dd1be691df1ffd727db8fad14e0a73b33aa8b518393e8707aaf8af5ad1f579ac4de5b010332b036e78209c0393ce78e735ab2788b5fd32cecef352b7548ee903ab4249c67fbc84e47e15d32c3c6cda2215a4e5ef23aed3758fed2b459141f9972462bc87c756cd1f882ec956dc486cfb5638776a962ebc128e8726a1b3b9416c0cf1ce31d6a5b297ecf748f8e41f5af529bb4933c9ad153a728f7477d6ae1d15bd466ad8afae8bbab9f99558f2c9a2400f6a2aae63715cfcbc567de91e531ce01e2896c69457bc8e2f5e39ba50d8dc064f3595ced233dfa678af95c53fdf4bd4fd172f56c343d002f1d6a48d016500727a0ae767725a9ed5e10f05c51e848f7684c930dc41e302ba2d27c2b67a54b23db799199061f9c861f8d79bcf2e7ba3d67522a3cb6d8a29e00d26cf558efede1c3c6e24018e46e0720e2ba678e5bb39b8667f626894e4d58caf0d24959961136a803381538620563b184b52acc726a9bd9a39cac6a3f0a4b73784b95150f8774f96ebcf9ece2924f575cd4d77a1da5d104da459c63eed69cd2b58af6b664f6fa7c76c81638d5428c00a3a5794fc53b5f2efa0b95000906d63f4a7474a888a92e68b679cf0a724f4e85b8e688c85c82c471fc59e4fe55ea23cedcec345baf36dd41392056daf6f5afaac34b9a9459f9d6634fd9e2271f325cff9cd15d079b611fa566dec9b072db40c92734aa5945dce9c3a7ceac7077b299ae5df1df8cfa557c12bd3ff00af5f25525cd2723f49a31508463d90b820f27b6720d745e0cd20eafe23b780a66143e6499e981585495a0d9d5463cd347d256d08112a00000300558f24e2b8631d0b9cf5036f9a0c400a396db93ce46540f5a429f2e79ac9a2ae549387e3f1a9a34dc3bfe34a3ab3593b226108cf43c7ad3fc8f6fd6b651317322963001e9f5cd798fc52854695139e08941cfe1531d2a2358bbc19e3b2363a3647a7d69992a3e6193d71c631fe3cd7a68e336fc3f362e5933c1e80f6aec223c57d1e5d2bd047c36790e5c537dc9802c33c515de78623918fa573bae4e446d82324115862e56a3267a396439b1314fb9c7c8fbce48e697188ce760e41f7effe7f0af9567e86b41abd71c7e59af53f84b6ca3ed73903716099ee0573629feed9d5865eff00c8f69b6e541abe8808e9c54515789cf55ea35f03b5519a60a7033935355a43a49b631559be6c1c5581182b594237dcd24ec50bab7224f939a2de42adb1c7359db9646d7e681a31f20549818aec4958e47b9567e14d7947c56b90b610427196938e7a7bd616fde23a69fc0cf1e7c15f5c0c6718ef48bc672a7033c57a073166c667b7ba423190db4f3d2bbcb6944912303d457b7954fdd713e4f88a9ae68ccb41863b515ec1f2d62395b0a4639ae47c45292ea8a40c751eb5c598bb5067b791c2f8a4fb1ce9e091d7152c699b691cc0ec15947980f0bd783f5edf4af9a67dc8c0d939ebf5af53f84d38d975171f78115cf89fe1b3af0bf17c8f66b57f900abcb2103a5634a5a18558fbc47231c6335545befcb1a99ae690e0f950c945c01b51804c761cd471bcc830549c77f5a86a499aae4688a58ee5a4051990fd062aca4248dcdcb7ad2512a528a4ac4f1640ebcd4fbbdeb68bb239a4b529dc3fca4e4715e17f142ec5deb705b210762723d327ff00ad534f5aa8dd694d9e7e439c1ea0f61db14c23d3824e0d77a39870055971d41fbb9e45769a34e26b55f5c6715ea6572b5468f9fe2085e8c65d99b098dbc1c515ef9f19a90cee15198900015c36ab32cb7649c03839c8e9f4af2f3595a091f47c3d4ef55cbb233587638e3d2947dd3938f4af04faf107af1c576bf0eb54167af79121016718ce718358d757a6ce8c3cad511ef769265460feb57c39c579d4e5a15563ef08cf9eb4f5906315b424ae64e2ec35a64419240a80dec478dea31daaa5248a85393d489afa22dc38a952e10af0cbf9d42923474a490ab2862318a977f1da95ccdc6cccebfb81142f2310028c935f377893526d475eb9994f1bca83ec0d6986579b6693d2998a4e4e4e33e9eb499c73dfae6bbce562866273bba7ad6f7876ec87688938fe1e7b575e065cb5d1e666b4f9f0b2f23ad463b78cd15f4c7c0b5a99dabdc08e065cf0475ae2276f3252deb5e1e693bcd44fafe1fa7cb49cfb90e334a0e011b88cf6f5af2cfa101d3ad4b6d3bdb4e9346d8743b9483d0d4bd517176699f4678375c8b5bd161b953f381b5c67a30aead4645792972b68eaadbdc6c8b81c0acbbb17782637da07a0cd277b8e838dfde329935071fbb983301dc74a857fb4e3ff00590aca47195e2a9459e9c7d8edb0dfb06ab7120633ac318e4a8193f89abb63a6b0b8dc2695bd72c714f97422a55824d44df822f2c618f4ef52c8d85e08a36479727791e7ff00117c4234bd21a08e4c4d39da39eddebc21db2c48c1ae9c22f75bee2afa5909b8b000904fb9fc28eaaa78c67a5761ce0a061cef008e8319cd4d65726d6e11d4f19f9862ae9c9c64a4ba1956a6aa53941f547710dc83129dc28afaa8c93573f3b9d26a4d187e239cee118e98ebe95ce31181c702be7f1d2e6aecfb6ca61c98488da9118aa4883cbda40dd903279ec4f23f0ae267a2c6798c3a31f4a14e33d79f4a068eabc19e2b93c3daa2ee626d25389173fad7d0361a8c777047344c195c02083c1af37151e49dfb9db0f7e9fa17c36e1da976020e40e6b34ee65b1524b3c36e418fa5467cc4380ac7f0aa5271d8e853525a8f11cb31c6d2013ce6ae416eb12f007e5549b6eeccaa4ecb9504876e7a5636b3ab43a6d9c9713c8aa88b939aca6fa22a946ecf9efc4bae4dad6ab25c3b7ca7fd583d96b0cb1c633d6bd3a70508a473d597349b138c73d29495cb155c0ec09cd6865b0981c827bf506942ee6e0f27390074ef40cd3b7d564b5844436b85e841a2bd0863e518a8f63c6ab94c27373ee2ebb216bdda48c75fc3fc8ac83d79f4ae7c53bd691db8056c341790a09c11ebd69caa5c390178193938c72391eb581d447cf4a55eb824007bd2d8687a2925400df31c0c77af5df877ab4eba7ac12b13183f296edffd6ae3c62f72e7760d5e4d1e9f04c1941041e38ab8ad9ef5c507726a46cc9801ed4be5e7d319aea8a30bd89046a07ff5aa29580144f444c6ed99775741158b3600e735e27e3df139d46ecda5b49ba041f363bb67a7f3aca82e7a9e876fc14dbee70a37bb28e49ce077a8dd79c1cf4ea457a670b10865386e31da8fbb9c8e7b502150aed39277718ab9a5c36b2dd2bdf3b2daa1cbed03737a01ce7ae3a7419343627a22bcb1797b37ba02ea180460d807d70783ed451715c935390497f2ed7ca8620556728d2332aec524e1412703f1ad6a3bcdb32a11e5a515e43437029506e278246324fa7b9a8b9a898ddc528c76a430e7767a73e98af57f86e8a74e6279cb7715c98cfe19dd81f8dfa1e9b02f96bc7a55c8e6db8c903d6bce8bb1a545cc5e8a58c81cd4be62a73bbad75466ac70ca2ef6186e140e587d6a85cddae383c567527a1ad2a6db389f16de5cb58bc56bbb2c396f415e297f1ba4ac1bbe793ebeb5b60eda9d38a8b51451dd821891ef814b2ca646ce393d78aef679f7044f3149dc323b138cd3902e1b233c1e71dea46958d1d234a378cccea767404763c55abad2eead206820706195b2410377ebd3b566eaa53b16e95e17204d22f547cb048013900207c7e34557b488b91f631dce5891dcfad33f0ad9b314b40a7c6db437ceeb95c7cbdfd8fb520b0c1d697da81a24543e9df15eb5f0dc62c76b60303d0d71e37f8677e0d7bcfd0f52850141f4a592dc9e9d7e95e7ad5682e6b48a720993a66a23713f03278f6a8bb474c6309081e67e32d52adbbbf2738a15d8371895b50d3d65b665299e08e6bc27c536bf64d62484851b39cfd7b57560ddaa58ceb3e6a5739e2007c3741e8734f10965240ce477af4dbb1e7a5719b4a9c1439ad3834cb89f4f92f114086175491f77393d38f4a5276572a2afa23bef0af84ef24b2fb43bf9314bf32178f971eb5d20f04990992591666edf2ed15e356c45aa348ec514a2933422f0945e581222ee1fdda2b3f6b22343e772723be3da936802be819c36130715244a0b36e711e149e73cfb714ac0023703760815aba6e893dfe5d14f9639c8e6a672515766d469b9cac583a1488d923e507079af55f04698915987046f3c570e2aa7342c7a1469fb35267a1409800715676715cf05a1c337a913c20fa7e555cda29228712a152c3e3b5030454e2118a4a2294db21b8803a100f515e4de3cf0bc49bb5179d931c600cee3d8514e4e151346f49a941c59cc5bf83648b42bdbebaf312e6361145115ee7ae7d78ae821f08c367a2b412c2a6744c9981392c79e3d874abab8bbfc2fa954e8db7381beb465b9970a76a720a8edef5d57822548d7658439d4324dc5c5c487c98e21fec7463f5e738c577b7781cf05691ed51289ede19483caf0186dc7e1daa6488c7838041af0eb7f11b2dbd2c590171f77f2a29195cf92638a49c048e3676e785049ae8f46f04ea1aac3e7bb0822ce06e1c9f5e2bdfab5a34d5d851a129bb1a3ff00081cb1dec70075915f215b1c138aa1a8f84ae6d325963880e36337cc4773cf15cf0c5a93474cf09645cb4f0cddea30b5b6c586ed1311c67037f707f1e7f1153e89a76a368f2c36518f3b85b9b5901dc31c6e5a27562e2e2cba74dc26a4b73a9834af363db2a1404f20a1539fc7ad755a1da7d91760ce3ad79d29ddd8eeaad7233aa848c0eb563b75ae986c7853dc5c0f7a6ed1ef56d13700063bd181ef50f4190cac00e4579478caf24f10f88ecf42b16e0480b9c700fafe159c7e3bbe87453f85b3aed4a18e0feced38004b3866f5381d6acddd907b611aa8c915e54db4cec8cb4479d6bbe199acace695f05dc9036f3d4d76de0ed0a1d23468e436ea92cfb598e39c0e95eb2c5afabbeeda38abc25eda2e3b6a75c406e55405cf15224795c62b89be693666dd90be430e01145572b27991e3be1bb0d33c3ba83699793c5f6b9c80ac5082d9ce00ec0576b6d0a405edfbafcdcfa5695e6e52e67b33d4834972c7a1897dad68913aa1ba0258a5e594729f5f6aa1a9eb3a65fc4cfe6079258ca3c647381df1f91ad70f87a939457726ae2234e0e4fa1b506916bafe9569736f3c905cc00186e107cca4763ea3dab5e5f0e45a8b453dd011dec78c5cc276b135728ca32e57d0cfdb2b73a2f0d2a450035cbc807f79467f3a9e1b308dc0ac542cc9957e65a685e8d48a987a5742d0e396ac70a0fb5510379cd2741d2a2451cc78ab56fecfb07284091860735c7fc3ad39ae754bbd6ae5198a31489cf424fde23f4ac9cb969ca5f23b796d048dab8bbfb6f8ea18c12043131ebed5d4ac65b68c67f1af367ba5e454df2a48a1add9997eceb8054caa5811dab45d8797803a0c7350ddae84df34622c5348cb818a99679a36da63ed5a4272dd18ca11bd897cc99b9da28ad79e465cb03c26e1b53b896e24ba82e26b925563b808005c7d3f3ad6b28c49a5dd017b733dc2a00ced232bbb752403c815d751a515ca690949c9dcb1e0e8f469e773a8dbc535fb61604ba1f7b038ebd4d49e2db1b283c41198e2b785a519710301924606eaf6294946519763aa74bdaa7096ce3fa1d4783a75974e6b72ca5a23dbd2ba98d481f4f6ae5c5c52af2b1e75095e846fd89b1c734a9d6b9ba8d9280282a6b4b117019a760f14200dbf5aab74c22898f4a99ad0a86b2b1e51e30bc9351d463d36df0d348e131e95da5b5ac3e1ef0fc7047cac51f24f53eb586317b3a51a7d773b53e79e9b6df71cd783c0d4b5ad47556e403e5a7a7a9fe95deda90e7e523f3af3eb6956dd87576b8b7a14bc6a4739cd35b0131dab29bf7999c7e1432272aff29ef53bcb202bf3e067a66aa336968128abea5c85cb4608c734575293b6c724ac99c8eb9335bdb4822b143b882483b73f88e95cbb5e5bddcb6c2445b2da5a3662f9dc00e991eb915318b6ee8eed34447a7f8564d6f5a9a29ae96186db9668f9c8ed826ab7887c269e1fb986ee2b9692d892d960093c7ea2bdf8c2d4944e8d13543adae6b786ef52c6ed6e5640f6f37caee10a8f63835e97195750ca720f39acea7bd18cfbafc8f1e1ee7353ecff003d493193df34143ef5ccd1771573ef52554590c7040453c463b7f3ab4887207daa0f15c878cb5c8f49d2ddc30133fcb10f7f5fc2ae9c3da548c0a8c9c22e7d8f31f03249acf8cfed2ecd22c28d2396ee7a7f5aec3c73a84ab691da400f9d3b88c2af7ae2cc24a78b4ba1db864e305dcd8f0c69aba4e86b084dac132dea49eb5b3658f2f3c726bc994b9e772ea6898fbbc19233dfb53188c7d454bb733223b222b71f39e9d7d2ae6d125694d26ac3a8ecee1e4dcb7faad424817fb80d15dd0bf2ad4e4928b7f0991e22d412c2ce4f2f258900803a66b82b9b9bd4912336d15edb618a48a02c80e3a11d3f1ac7dd94dea7573351489ecbc410e9f0457b0331b98e3f2ee34f9d086651fc408e3f1e6b4bfb4878ded210e61b2b7c90b0960ce70307b60715eaaafcb4f5e875467094d547ba4675cd9d969664b74b8699978dd27de4cf4c7635d8f84f5432c0b693312ea32849fbcb4b0b37529c93f5479d888f2d4525b3d1fe875413b814a636246dfc41aa6918dc7aa64e3069767b524896c785c718a5e83a55aba24cebeb95863667202a8cb127a0af19d6aea6f15ea3713c92886cad87cbf4f6cf735b61df242759f4565f33492e670a6babfc8dcf8756f15969d7b77b022eef2d1c8e594724e7f1a5d1e71e25f16dc5dafcd6b6436c67b163c578759b94e73edfa9ea2b44ee9811672720678cd4b6cb889715c304ee8c24fdd23b907cf419fad35f2c704fe753af3b1ad90e8130c401c559da508f4ada17b5c89bd46b6f2c4a918f7a2a9b90b4193db43776eeac8373705b1c8ae3752f0fdbe931cd78a27bbb86e8d21e40cf45038ae8a9eefbcba9507dfa1cc5adac0d22a5c5cc2417cc7e73e0e79f97f3ad74d3a7b4d3607b8b58bcc57dd2043d4faf6a5393d0b846cb98b7e1fd2b4ed7ae2e5ef55668a0dbb029cfaf71d6ad6bfa4c3a1dc595f69d2496f0ab7dc1923a67a57d061a2a3051b686d39373f62968d5fe76b9d96957dfda166ae72b28e1d71820d69a290302b070b4ac7932772403d69c077aab232618aad712ec5a89688a82bb3c97c75e2996eae5b4ab176280ed94a7576feed73e9f68fb15ae8f1204bbb8982b46410d927bf3e98ea31d6ba71515470f0a5d5eacd708f9ebcea745a23acf183c7e1df0643a4c2d999e31002bc124f5207e75b3e14d18689e1f82229896401e53eac6be6ab4bf74fcdfe477df436af488f4f00f009a9ad3fd4a639e2b05a4887fc3f995ee64cdec718c6e7ce055910b16c702a629b931bb462896283631c9ce7daad790ae30c339f5aea8434b339a73d6e02d62007c9456becd19fb4919f0c9b24643f8573dae1b82582c87cb5390a319acab3b411dd08eace566b792587ca45685490dcaf24e4ff3ad09059ac50812379cd09536b2024b0ff67e9fca92774ac3835b185a4ea175a35cf9b6adf65123749623b5867baf6ad6d60f887517b7d498bdc5aaf388e22817b7039fcebdda2e552163aa8a8ca3ed3696c8d0f0f6ad23df192d448f800caacd92c3e9eb5e8b677515e40b2c4c0a91d7d2ae3794137bad19e2d5a72a73707ea5b038a5e28b1811cb22aaf6af39f1c78c05806b0b2914dd370ec3fe598ff1ad70d47db56517b750a957d8d273ea727e17b68ade2bad775088948109819fa33ff5ad9f87ba7dc6a9a8dd789b528b2172b6ccfebce48fa0e3f3ae5cceaa9d79b5b2d17ea7460a0e9e195f77a8c8f7f8abc7e5db06c74ee83d5ebd099461547d057855ba47b2fcf53b66ed6451d72369d2dedd0e32e0b1f402b4602044003d062a17c4c52fe1451937049f12daa81c08db35bc83e6cd3a5b8abe918fa12e39c638a9578f7aea4b538d8b907a83455589b189115965475e8d54b50502791366772f71d2b1aaaf4cf4e17e7b1cfcfa63dec0cd1c370254243291b430edb4f7ac98f46bd5b765bd8fc95560f15c4936f91791d0000f1e99fc6a29fbab514a2dbd05b482dd2c23675659ed1f7ce5892654dd96ebd3e98af48fed2b44b0fb4bdd5a8b231f0770e4ff00857bb849274c2bc252a7050ee79dd819a4d5af25b18a550f26f56452c71ce3b77aea2c6fa7b497ce89246c0fdfc122ed61fed015ad3a52556527f0c8acc68c9de6b78fe475b657d05ec02585c329f7e95619c2a9344935a33c84afb1c5f8bfc611693135bc0c1eedc61573f77dcd790dbdb5d6adab2c2cc5a699fe676fd4d7a9828fb1a12af33831afda55861e275375e66b7716de13d297cc862c2dc4d8fbaa0f27f9d7a0df0b7f0ff860db5b8d90dbc2547af4fe75f275e4dc75ddebf79f42d2e68c174323c17a6b697a223c887ed1704cd29ebc9e71f95740599e6183c015c3565cd26fcca695ee32450d329f4156a28dc8e01e3a669c55de84ce492d4ca57dfe2d780e4b47086cf6c135d0a0f9aae9c6cc8aef48fa1301c714e5c96ee3f1ae85b9c6c531f3d28aa1731c0c3a8be87e24fecdbd6c5bce435b4a4f04f75adcbec7f68c4dea315138da07acdf34f9975468950d1a9ae6bc548925bac6611d7fd613c0a559b4958e7a7b9cce9ecf66a6489c4857fda0dc631807d3d8f4a9624d36f658e56b38383bc39000c8eb9c7bd446bd4836e074d2ace2743e15d46de17bc80dd47e73b978da4040dbd06338ce3daaaf8cb508e6beb0fb0dc7fa446584b340371515f40aa274afe45a849e29d4b696fd08f47d48593b4b04b2c9267f7913f3e60e3e607d6acf883e21595ad83a5b963798c08d971b4fbd3c34658a517d7a9e2d471c3b77f55fe47905cdf4b7b76f713b34924872c7b935bda27dab73da5945fe9f2280643d114d7a79ace34f0ca9aebf91e7655075714eacba1ea5e16d0e0f0de9477806ea5f9e67ee4fa67d0572b7de24b8f10f8a9347b08b759c2fbae5f19dc01e839e99c57c8b5ed1b6fa6bfe47d043e3e63b312148d7098e9905871fcea584075690647d2b9fd85d5d0dc87db3077620f438ad28f0ab9cd14918d6dec6158c65f5bbeb823a95407d87ff00aeb70601a54b6b9588f892f244bd47148a7127e15bf53949b23d68ad6c4599ffd9ffe131b0687474703a2f2f6e732e61646f62652e636f6d2f7861702f312e302f003c3f787061636b657420626567696e3d27efbbbf272069643d2757354d304d7043656869487a7265537a4e54637a6b633964273f3e0d0a3c783a786d706d65746120786d6c6e733a783d2261646f62653a6e733a6d6574612f223e3c7264663a52444620786d6c6e733a7264663d22687474703a2f2f7777772e77332e6f72672f313939392f30322f32322d7264662d73796e7461782d6e7323223e3c7264663a4465736372697074696f6e207264663a61626f75743d22757569643a66616635626464352d626133642d313164612d616433312d6433336437353138326631622220786d6c6e733a786d703d22687474703a2f2f6e732e61646f62652e636f6d2f7861702f312e302f223e3c786d703a43726561746f72546f6f6c3e57696e646f77732050686f746f20456469746f722031302e302e31303031312e31363338343c2f786d703a43726561746f72546f6f6c3e3c2f7264663a4465736372697074696f6e3e3c2f7264663a5244463e3c2f783a786d706d6574613e0d0a202020202020202020202020202020202020202020202020202020202020202020202020202020202020202020202020202020202020202020202020202020202020202020202020202020202020202020202020202020202020202020202020202020200a202020202020202020202020202020202020202020202020202020202020202020202020202020202020202020202020202020202020202020202020202020202020202020202020202020202020202020202020202020202020202020202020202020200a202020202020202020202020202020202020202020202020202020202020202020202020202020202020202020202020202020202020202020202020202020202020202020202020202020202020202020202020202020202020202020202020202020200a202020202020202020202020202020202020202020202020202020202020202020202020202020202020202020202020202020202020202020202020202020202020202020202020202020202020202020202020202020202020202020202020202020200a202020202020202020202020202020202020202020202020202020202020202020202020202020202020202020202020202020202020202020202020202020202020202020202020202020202020202020202020202020202020202020202020202020200a202020202020202020202020202020202020202020202020202020202020202020202020202020202020202020202020202020202020202020202020202020202020202020202020202020202020202020202020202020202020202020202020202020200a202020202020202020202020202020202020202020202020202020202020202020202020202020202020202020202020202020202020202020202020202020202020202020202020202020202020202020202020202020202020202020202020202020200a202020202020202020202020202020202020202020202020202020202020202020202020202020202020202020202020202020202020202020202020202020202020202020202020202020202020202020202020202020202020202020202020202020200a202020202020202020202020202020202020202020202020202020202020202020202020202020202020202020202020202020202020202020202020202020202020202020202020202020202020202020202020202020202020202020202020202020200a202020202020202020202020202020202020202020202020202020202020202020202020202020202020202020202020202020202020202020202020202020202020202020202020202020202020202020202020202020202020202020202020202020200a202020202020202020202020202020202020202020202020202020202020202020202020202020202020202020202020202020202020202020202020202020202020202020202020202020202020202020202020202020202020202020202020202020200a202020202020202020202020202020202020202020202020202020202020202020202020202020202020202020202020202020202020202020202020202020202020202020202020202020202020202020202020202020202020202020202020202020200a202020202020202020202020202020202020202020202020202020202020202020202020202020202020202020202020202020202020202020202020202020202020202020202020202020202020202020202020202020202020202020202020202020200a202020202020202020202020202020202020202020202020202020202020202020202020202020202020202020202020202020202020202020202020202020202020202020202020202020202020202020202020202020202020202020202020202020200a202020202020202020202020202020202020202020202020202020202020202020202020202020202020202020202020202020202020202020202020202020202020202020202020202020202020202020202020202020202020202020202020202020200a202020202020202020202020202020202020202020202020202020202020202020202020202020202020202020202020202020202020202020202020202020202020202020202020202020202020202020202020202020202020202020202020202020200a202020202020202020202020202020202020202020202020202020202020202020202020202020202020202020202020202020202020202020202020202020202020202020202020202020202020202020202020202020202020202020202020202020200a202020202020202020202020202020202020202020202020202020202020202020202020202020202020202020202020202020202020202020202020202020202020202020202020202020202020202020202020202020202020202020202020202020200a202020202020202020202020202020202020202020202020202020202020202020202020202020202020202020202020202020202020202020202020202020202020202020202020202020202020202020202020202020202020202020202020202020200a202020202020202020202020202020202020202020202020202020202020202020202020202020202020202020202020202020202020202020202020202020202020202020202020202020202020202020202020202020202020202020202020202020200a202020202020202020202020202020202020202020202020202020202020202020202020202020202020202020202020202020202020202020202020202020202020202020202020202020202020202020202020202020202020202020202020202020200a202020202020202020202020202020202020202020202020202020202020202020202020202020202020202020202020202020202020202020202020202020202020202020202020202020202020202020202020202020202020202020202020202020200a202020202020202020202020202020202020202020202020202020202020202020202020202020202020202020202020202020202020202020202020202020202020202020202020202020202020202020202020202020202020202020202020202020200a202020202020202020202020202020202020202020202020202020202020202020202020202020202020202020202020202020202020202020202020202020202020202020202020202020202020202020202020202020202020202020202020202020200a202020202020202020202020202020202020202020202020202020202020202020202020202020202020202020202020202020202020202020202020202020202020202020202020202020202020202020202020202020202020202020202020202020200a202020202020202020202020202020202020202020202020202020202020202020202020202020202020202020202020202020202020202020202020202020202020202020202020202020202020202020202020202020202020202020202020202020200a202020202020202020202020202020202020202020202020202020202020202020202020202020202020202020202020202020202020202020202020202020202020202020202020202020202020202020202020202020202020202020202020202020200a202020202020202020202020202020202020202020202020202020202020202020202020202020202020202020202020202020202020202020202020202020202020202020202020202020202020202020202020202020202020202020202020202020200a202020202020202020202020202020202020202020202020202020202020202020202020202020202020202020202020202020202020202020202020202020202020202020202020202020202020202020202020202020202020202020202020202020200a202020202020202020202020202020202020202020202020202020202020202020202020202020202020202020202020202020202020202020202020202020202020202020202020202020202020202020202020202020202020202020202020202020200a202020202020202020202020202020202020202020202020202020202020202020202020202020202020202020202020202020202020202020202020202020202020202020202020202020202020202020202020202020202020202020202020202020200a202020202020202020202020202020202020202020202020202020202020202020202020202020202020202020202020202020202020202020202020202020202020202020202020202020202020202020202020202020202020202020202020202020200a202020202020202020202020202020202020202020202020202020202020202020202020202020202020202020202020202020202020202020202020202020202020202020202020202020202020202020202020202020202020202020202020202020200a202020202020202020202020202020202020202020202020202020202020202020202020202020202020202020202020202020202020202020202020202020202020202020202020202020202020202020202020202020202020202020202020202020200a202020202020202020202020202020202020202020202020202020202020202020202020202020202020202020202020202020202020202020202020202020202020202020202020202020202020202020202020202020202020202020202020202020200a202020202020202020202020202020202020202020202020202020202020202020202020202020202020202020202020202020202020202020202020202020202020202020202020202020202020202020202020202020202020202020202020202020200a202020202020202020202020202020202020202020202020202020202020202020202020202020202020202020202020202020202020202020202020202020202020202020202020202020202020202020202020202020202020202020202020202020200a202020202020202020202020202020202020202020202020202020202020202020202020202020202020202020202020202020202020202020202020202020202020202020202020202020202020202020202020202020202020202020202020202020200a202020202020202020202020202020202020202020202020202020202020202020202020202020202020202020202020202020202020202020202020202020202020202020202020202020202020202020202020202020202020202020202020202020200a202020202020202020202020202020202020202020202020202020202020202020202020202020202020202020202020202020202020202020202020202020202020202020202020202020202020202020202020202020202020202020202020202020200a202020202020202020202020202020202020202020202020202020202020202020202020202020202020202020202020202020202020202020202020202020202020202020202020202020202020202020202020202020202020202020202020202020200a202020202020202020202020202020202020202020202020202020202020202020202020202020202020202020202020202020202020202020202020202020202020202020202020202020202020202020202020202020202020202020202020202020200a202020202020202020202020202020202020202020202020202020202020202020202020202020202020202020202020202020202020202020202020202020202020202020202020202020202020202020202020202020202020202020202020202020200a202020202020202020202020202020202020202020202020202020202020202020202020202020202020202020202020202020202020202020202020202020202020202020202020202020202020202020202020202020202020202020202020202020200a202020202020202020202020202020202020202020202020202020202020202020202020202020202020202020202020202020202020202020202020202020202020202020202020202020202020202020202020202020202020202020202020202020200a202020202020202020202020202020202020202020202020202020202020202020202020202020202020202020202020202020202020202020202020202020202020202020202020202020202020202020202020202020202020202020202020202020200a202020202020202020202020202020202020202020202020202020202020202020202020202020202020202020202020202020202020202020202020202020202020202020202020202020202020202020202020202020202020202020202020202020200a202020202020202020202020202020202020202020202020202020202020202020202020202020202020202020202020202020202020202020202020202020202020202020202020202020202020202020202020202020202020202020202020202020200a202020202020202020202020202020202020202020202020202020202020202020202020202020202020202020202020202020202020202020202020202020202020202020202020202020202020202020202020202020202020202020202020202020200a202020202020202020202020202020202020202020202020202020202020202020202020202020202020202020202020202020202020202020202020202020202020202020202020202020202020202020202020202020202020202020202020202020200a202020202020202020202020202020202020202020202020202020202020202020202020202020202020202020202020202020202020202020202020202020202020202020202020202020202020202020202020202020202020202020202020202020200a202020202020202020202020202020202020202020202020202020202020202020202020202020202020202020202020202020202020202020202020202020202020202020202020202020202020202020202020202020202020202020202020202020200a202020202020202020202020202020202020202020202020202020202020202020202020202020202020202020202020202020202020202020202020202020202020202020202020202020202020202020202020202020202020202020202020202020200a202020202020202020202020202020202020202020202020202020202020202020202020202020202020202020202020202020202020202020202020202020202020202020202020202020202020202020202020202020202020202020202020202020200a202020202020202020202020202020202020202020202020202020202020202020202020202020202020202020202020202020202020202020202020202020202020202020202020202020202020202020202020202020202020202020202020202020200a202020202020202020202020202020202020202020202020202020202020202020202020202020202020202020202020202020202020202020202020202020202020202020202020202020202020202020202020202020202020202020202020202020200a202020202020202020202020202020202020202020202020202020202020202020202020202020202020202020202020202020202020202020202020202020202020202020202020202020202020202020202020202020202020202020202020202020200a202020202020202020202020202020202020202020202020202020202020202020202020202020202020202020202020202020202020202020202020202020202020202020202020202020202020202020202020202020202020202020202020202020200a202020202020202020202020202020202020202020202020202020202020202020202020202020202020202020202020202020202020202020202020202020202020202020202020202020202020202020202020202020202020202020202020202020200a202020202020202020202020202020202020202020202020202020202020202020202020202020202020202020202020202020202020202020202020202020202020202020202020202020202020202020202020202020202020202020202020202020200a202020202020202020202020202020202020202020202020202020202020202020202020202020202020202020202020202020202020202020202020202020202020202020202020202020202020202020202020202020202020202020202020202020200a202020202020202020202020202020202020202020202020202020202020202020202020202020202020202020202020202020202020202020202020202020202020202020202020202020202020202020202020202020202020202020202020202020200a202020202020202020202020202020202020202020202020202020202020202020202020202020202020202020202020202020202020202020202020202020202020202020202020202020202020202020202020202020202020202020202020202020200a202020202020202020202020202020202020202020202020202020202020202020202020202020202020202020202020202020202020202020202020202020202020202020202020202020202020202020202020202020202020202020202020202020200a202020202020202020202020202020202020202020202020202020202020202020202020202020202020202020202020202020202020202020202020202020202020202020202020202020202020202020202020202020202020202020202020202020200a202020202020202020202020202020202020202020202020202020202020202020202020202020202020202020202020202020202020202020202020202020202020202020202020202020202020202020202020202020202020202020202020202020200a202020202020202020202020202020202020202020202020202020202020202020202020202020202020202020202020202020202020202020202020202020202020202020202020202020202020202020202020202020202020202020202020202020200a202020202020202020202020202020202020202020202020202020202020202020202020202020202020202020202020202020202020202020202020202020202020202020202020202020202020202020202020202020202020202020202020202020200a202020202020202020202020202020202020202020202020202020202020202020202020202020202020202020202020202020202020202020202020202020202020202020202020202020202020202020202020202020202020202020202020202020200a202020202020202020202020202020202020202020202020202020202020202020202020202020202020202020202020202020202020202020202020202020202020202020202020202020202020202020202020202020202020202020202020202020200a202020202020202020202020202020202020202020202020202020202020202020202020202020202020202020202020202020202020202020202020202020202020202020202020202020202020202020202020202020202020202020202020202020200a202020202020202020202020202020202020202020202020202020202020202020202020202020202020202020202020202020202020202020202020202020202020202020202020202020202020202020202020202020202020202020202020202020200a202020202020202020202020202020202020202020202020202020202020202020202020202020202020202020202020202020202020202020202020202020202020202020202020202020202020202020202020202020202020202020202020202020200a202020202020202020202020202020202020202020202020202020202020202020202020202020202020202020202020202020202020202020202020202020202020202020202020202020202020202020202020202020202020202020202020202020200a202020202020202020202020202020202020202020202020202020202020202020202020202020202020202020202020202020202020202020202020202020202020202020202020202020202020202020202020202020202020202020202020202020200a202020202020202020202020202020202020202020202020202020202020202020202020202020202020202020202020202020202020202020202020202020202020202020202020202020202020202020202020202020202020202020202020202020200a202020202020202020202020202020202020202020202020202020202020202020202020202020202020202020202020202020202020202020202020202020202020202020202020202020202020202020202020202020202020202020202020202020200a202020202020202020202020202020202020202020202020202020202020202020202020202020202020202020202020202020202020202020202020202020202020202020202020202020202020202020202020202020202020202020202020202020200a202020202020202020202020202020202020202020202020202020202020202020202020202020202020202020202020202020202020202020202020202020202020202020202020202020202020202020202020202020202020202020202020202020200a202020202020202020202020202020202020202020202020202020202020202020202020202020202020202020202020202020202020202020202020202020202020202020202020202020202020202020202020202020202020202020202020202020200a202020202020202020202020202020202020202020202020202020202020202020202020202020202020202020202020202020202020202020202020202020202020202020202020202020202020202020202020202020202020202020202020202020200a202020202020202020202020202020202020202020202020202020202020202020202020202020202020202020202020202020202020202020202020202020202020202020202020202020202020202020202020202020202020202020202020202020200a202020202020202020202020202020202020202020202020202020202020202020202020202020202020202020202020202020202020202020202020202020202020202020202020202020202020202020202020202020202020202020202020202020200a202020202020202020202020202020202020202020202020202020202020202020202020202020202020202020202020202020202020202020202020202020202020202020202020202020202020202020202020202020202020202020202020202020200a202020202020202020202020202020202020202020202020202020202020202020202020202020202020202020202020202020202020202020202020202020202020202020202020202020202020202020202020202020202020202020202020202020200a202020202020202020202020202020202020202020202020202020202020202020202020202020202020202020202020202020202020202020202020202020202020202020202020202020202020202020202020202020202020202020202020202020200a202020202020202020202020202020202020202020202020202020202020202020202020202020202020202020202020202020202020202020202020202020202020202020202020202020202020202020202020202020202020202020202020202020200a202020202020202020202020202020202020202020202020202020202020202020202020202020202020202020202020202020202020202020202020202020202020202020202020202020202020202020202020202020202020202020202020202020200a202020202020202020202020202020202020202020202020202020202020202020202020202020202020202020202020202020202020202020202020202020202020202020202020202020202020202020202020202020202020202020202020202020200a202020202020202020202020202020202020202020202020202020202020202020202020202020202020202020202020202020202020202020202020202020202020202020202020202020202020202020202020202020202020202020202020202020200a202020202020202020202020202020202020202020202020202020202020202020202020202020202020202020202020202020202020202020202020202020202020202020202020202020202020202020202020202020202020202020202020202020200a202020202020202020202020202020202020202020202020202020202020202020202020202020202020202020202020202020202020202020202020202020202020202020202020202020202020202020202020202020202020202020202020202020200a202020202020202020202020202020202020202020202020202020202020202020202020202020202020202020202020202020202020202020202020202020202020202020202020202020202020202020202020202020202020202020202020202020200a202020202020202020202020202020202020202020202020202020202020202020202020202020202020202020202020202020202020202020202020202020202020202020202020202020202020202020202020202020202020202020202020202020200a202020202020202020202020202020202020202020202020202020202020202020202020202020202020202020202020202020202020202020202020202020202020202020202020202020202020202020202020202020202020202020202020202020200a202020202020202020202020202020202020202020202020202020202020202020202020202020202020202020202020202020202020202020202020202020202020202020202020202020202020202020202020202020202020202020202020202020200a202020202020202020202020202020202020202020202020202020202020202020202020202020202020202020202020202020202020202020202020202020202020202020202020202020202020202020202020202020202020202020202020202020200a202020202020202020202020202020202020202020202020202020202020202020202020202020202020202020202020202020202020202020202020202020202020202020202020202020202020202020202020202020202020202020202020202020200a202020202020202020202020202020202020202020202020202020202020202020202020202020202020202020202020202020202020202020202020202020202020202020202020202020202020202020202020202020202020202020202020202020200a202020202020202020202020202020202020202020202020202020202020202020202020202020202020202020202020202020202020202020202020202020202020202020202020202020202020202020202020202020202020202020202020202020200a202020202020202020202020202020202020202020202020202020202020202020202020202020202020202020202020202020202020202020202020202020202020202020202020202020202020202020202020202020202020202020202020202020200a202020202020202020202020202020202020202020202020202020202020202020202020202020202020202020202020202020202020202020202020202020202020202020202020202020202020202020202020202020202020202020202020202020200a202020202020202020202020202020202020202020202020202020202020202020202020202020202020202020202020202020202020202020202020202020202020202020202020202020202020202020202020202020202020202020202020202020200a202020202020202020202020202020202020202020202020202020202020202020202020202020202020202020202020202020202020202020202020202020202020202020202020202020202020202020202020202020202020202020202020202020200a202020202020202020202020202020202020202020202020202020202020202020202020202020202020202020202020202020202020202020202020202020202020202020202020202020202020202020202020202020202020202020202020202020200a202020202020202020202020202020202020202020202020202020202020202020202020202020202020202020202020202020202020202020202020202020202020202020202020202020202020202020202020202020202020202020202020202020200a202020202020202020202020202020202020202020202020202020202020202020202020202020202020202020202020202020202020202020202020202020202020202020202020202020202020202020202020202020202020202020202020202020200a202020202020202020202020202020202020202020202020202020202020202020202020202020202020202020202020202020202020202020202020202020202020202020202020202020202020202020202020202020202020202020202020202020200a202020202020202020202020202020202020202020202020202020202020202020202020202020202020202020202020202020202020202020202020202020202020202020202020202020202020202020202020202020202020202020202020202020200a202020202020202020202020202020202020202020202020202020202020202020202020202020202020202020202020202020202020202020202020202020202020202020202020202020202020202020202020202020202020202020202020202020200a202020202020202020202020202020202020202020202020202020202020202020202020202020202020202020202020202020202020202020202020202020202020202020202020202020202020202020202020202020202020202020202020202020200a202020202020202020202020202020202020202020202020202020202020202020202020202020202020202020202020202020202020202020202020202020202020202020202020202020202020202020202020202020202020202020202020202020200a202020202020202020202020202020202020202020202020202020202020202020202020202020202020202020202020202020202020202020202020202020202020202020202020202020202020202020202020202020202020202020202020202020200a202020202020202020202020202020202020202020202020202020202020202020202020202020202020202020202020202020202020202020202020202020202020202020202020202020202020202020202020202020202020202020202020202020200a202020202020202020202020202020202020202020202020202020202020202020202020202020202020202020202020202020202020202020202020202020202020202020202020202020202020202020202020202020202020202020202020202020200a202020202020202020202020202020202020202020202020202020202020202020202020202020202020202020202020202020202020202020202020202020202020202020202020202020202020202020202020202020202020202020202020202020200a202020202020202020202020202020202020202020202020202020202020202020202020202020202020202020202020202020202020202020202020202020202020202020202020202020202020202020202020202020202020202020202020202020200a202020202020202020202020202020202020202020202020202020202020202020202020202020202020202020202020202020202020202020202020202020202020202020202020202020202020202020202020202020202020202020202020202020200a202020202020202020202020202020202020202020202020202020202020202020202020202020202020202020202020202020202020202020202020202020202020202020202020202020202020202020202020202020202020202020202020202020200a202020202020202020202020202020202020202020202020202020202020202020202020202020202020202020202020202020202020202020202020202020202020202020202020202020202020202020202020202020202020202020202020202020200a202020202020202020202020202020202020202020202020202020202020202020202020202020202020202020202020202020202020202020202020202020202020202020202020202020202020202020202020202020202020202020202020202020200a202020202020202020202020202020202020202020202020202020202020202020202020202020202020202020202020202020202020202020202020202020202020203c3f787061636b657420656e643d2777273f3effdb0043000302020302020303030304030304050805050404050a070706080c0a0c0c0b0a0b0b0d0e12100d0e110e0b0b1016101113141515150c0f171816141812141514ffdb00430103040405040509050509140d0b0d1414141414141414141414141414141414141414141414141414141414141414141414141414141414141414141414141414ffc0001108016300f903012200021101031101ffc4001f0000010501010101010100000000000000000102030405060708090a0bffc400b5100002010303020403050504040000017d01020300041105122131410613516107227114328191a1082342b1c11552d1f02433627282090a161718191a25262728292a3435363738393a434445464748494a535455565758595a636465666768696a737475767778797a838485868788898a92939495969798999aa2a3a4a5a6a7a8a9aab2b3b4b5b6b7b8b9bac2c3c4c5c6c7c8c9cad2d3d4d5d6d7d8d9dae1e2e3e4e5e6e7e8e9eaf1f2f3f4f5f6f7f8f9faffc4001f0100030101010101010101010000000000000102030405060708090a0bffc400b51100020102040403040705040400010277000102031104052131061241510761711322328108144291a1b1c109233352f0156272d10a162434e125f11718191a262728292a35363738393a434445464748494a535455565758595a636465666768696a737475767778797a82838485868788898a92939495969798999aa2a3a4a5a6a7a8a9aab2b3b4b5b6b7b8b9bac2c3c4c5c6c7c8c9cad2d3d4d5d6d7d8d9dae2e3e4e5e6e7e8e9eaf2f3f4f5f6f7f8f9faffda000c03010002110311003f00f6f89d56352cf219b9caf54c761f5fcba558899a7844d2991da32a1371c0f50703bfe3596ba8a308cb8dc3a95dc368181c74fcf3532b42ca1a3126d391b99f9fa81f5afdedd34ba1fcd71aadeecb0b242b0b5b1b656677064dae5b19effa76e6a03b4dc3ac91820818ea075e3a03fd7ad2a4c51636c840a37e79e78006467e9f953a28e692f2658e3909c648524f1c6075f6a2dcb72eee7645ed363f299983ba4a4e5467819ea08fd6b4d819a4fdf22f99fdf0410464f5e3deb2e2d43cc7326e6546cb601c9047419efee6ad4cccb0991c3673d48201c75efc919ae49ddbbb3d3a7caa365d0b9e42a021d515810235ce767be3f0efed52cce60789e421e5c8763b873fe78acc4d43e6c140149c6704e79fd69d24cb0e1419195ba966000cf71cfd7bd62e0ee7546716b436c1f3f041c471b1f973d87ffaeabfda8336d66327ddf2f046081839ebd7a573171ae3b12bf388368039e3b7f8d116a012329e6a9e06377419fc297b06b72d626327646f5d48f71c361533923185f6cfe229902bdf4ccb3dc470f9bfbbf98631c75c9cd721adf89ad349b5cc971b76e30aafcfa8feb5e53e2ff8e5636767b85e7d9923253633280327039f5fcff1ad6387938f35ecbb99cb19053e48a729765adcf63f106a71786eeae6d24ba5786cc6ef30b7de18cfd73f4af37f14fc6c5b09a48aca48cc64fc924c79e403fe41af973c6bfb4599f747a7235f4d8223777254f19383fcb0306bccb50f8a9adac315cc56d1a8b8f9d6e2451231c361bbfca01c71c1e6b9e599e5b85769cb9df92d0f66870be7d99479e14fd945f77ad8fb734ff8ec96cc21b9b652369cbef624b1079e7fcfb56edb7c49d1e59a023538e2873b8302338c027a77191f957e725f78cb5ad52e269eeafae24254b2c7928383c7dd23b64e7bedc567c3e22d474962915cb7453bc4824ebc80581c0e0f3df2307dbcd9f10e1b9fdda4d2f53e929f87f8d54bdfc4a72f43f53adfc5fa5dc3b9b7d72199d829550c031e47ca3fcff5ad78f5d4b94df1ca483f29f9891bb238393d7b7ad7e72f847e3ddc6976d1437f147716eafb55a2500f41924939edc647af4af53d0ff6888b6347a4cb793316f9add578dd9238e71dabdac3e2b058b8de152cfb33e371d93e7396d470a9439a3de3aa3ecfb7be8f109126f5040c67775e7a7afe1deadc6f1c6adb81f394161c7cbc74edd7a74f4af987c3bfb415b5e36c9af24b5b88d97f76df2f27b1c8c1e3a115edde1af1645ae5bb324c64e72ad8041e9ebffeaae89d1d39a0d35e47971ad38c942ac1c5f99d54774b0aae0b17c6f00e4e3e807ff5bbf34925e46ea1589e3b01d4ff0093fd3b9ac56ba45ec599892778c7524f233fe7151f98cd96d8c5b073bfa8cf4c75f4e6a7915aec9f68f689a724d0a60b46cf800119faf07f1c55096fe3695970ca7827031dce7dfb8fcc54337c8d82029078dc4e718aa33192359760c0c920bf2a7a93c738c640f7ea38ade114f5471d59c912ea12c7b5d46e2add7f84827b8fcff1aa325e5bc731dd205dc3683b86064639e99c7e80669b7537cc70ac583123e718f6079008fcab1aeef0dbc7be4759373642e410c013919cf4fcf15e85185f43c4c554e56e458d435280479470a2304063c95e4718e9ce01e7f97039f9b53125c46026215c955185c0f4079eddce6abea17d25c31dee261fdec93938c6724679aa7336d3c71e9b8f6f4cfad7ab4e9289f2f5f112ab2f22ccf246dc28e303e519f4191ebd6aa3c815428e79e79a85a652aa3771dbd7e9513484e416193cf3e9fe4d74a5639796e58371d47526a2fb61ff009e67fef8a8d9c6ec83b7d31d3f1a9b6fbffe3d57734e53d8ed6660be6ed2c71b76a95efc92723aff008f22b4ad76b3a428163ca60b64af1f5f4ff3eb5cfa23fda118005194862b86c1e9c9f4c123d7afa9ad2494ab2a12373119f9b200cff8103d057ced48f63ec294d27aa356084f992a9cb222e032f208ff001ff0ab50e2e23cbc65d030cb2020eec11edebdeb39f7c7b6304b6ec02ccd9c018f4039f7a99ae8b3e7ccdc99ddbb18ddd4f6fc473edd2b8a49b3d4a6d23415bcb66604481a42cab8e4601efd0d5aba67f20363e5ce5875c1ce3a7b0aa36f132c7bcb89198152a72081bba9007a63f3a8666fbd12b6f6182339c727fcfe75cd25767745f2c752fa48820b965da912e007ea48ef8e3d8f6f5aa124cad1b87076cc4b60ae30063f2edfe71556e2493cc8e049089376f64da5954648ebf85171a94715bef92758d173f7f80081c819faff002a396c68a5756ec54bad49adda590045456254b2801727afd7fc3eb5e73e2bf8a365e19b79a596f638a203ef6f5038c7233dfd31d73cd794fc6df8ff0067a5dd496b05c34a13e58e28f396ff0068e33c7f87e15f2878b3c71a978bb521757778c3236a471e764631c0fd4e4f5fe55c38dcd28605722f7a7dba2f53e8727e18c6e7525526fd9d25d7abf45fa9ebdf13bf694d43c4370f69a43a5a4003379d28f9db038eddc8c63d87ad7886a7af5f6a4d1bdddcb4aeb92416f5e7247d6b316613342a7333672cbd4b1f4cf5f4a9248d54b42ced8ddfbbe46467b91f801d475ef8afcf7159862314ff007b2d3b743f7acb722c065714b0f4d5fbf5fbc6c77477856c4880e4961f7ba753d477fd2a05c8c6096046071c67d29c5be54e4360631e9cfd3ebebd6a6855edae04aac85e0c487e75ecd818cf0dce0e0678f606bcbb9f4292e8463608df7824e0edc28c75183efdc7b71514b209186001f89cf1df9ee7a9ab1230ba32cccca0f244677752d8c2e07046777381c7e063db1c6a7059cb0f9429c6df9bab707b761ea39e3145d93725826f2e645dbfc40ee0f8c76e08e0763f51f5ccf637f342048b328280e21c15cf04f6fa9ef54bcb261dd803af39f7c639efcf4f4e6ad2b796b088d510ac6c1a54619653927393f7b6b6dc7b63ae69f335aa134a5a495cb9fbf5bc6b89a64ba48e42a2756e1f1bb040382578c9e3a1ec48af48f86bf1835af0bed85ef89b245c79b3cdb597aed3c1e7918f5efcd795f98d7199dd14a36e0c8182805b246d51d00f4030303d6a15cc99740ad85cb062071d30077fc3d09ed5d585c757c2d4f694e4ce1cc329c266541d1c44135d3baf43edbf047c6d4d782bff006832cb1fc8f6ec36b76ea0fe1fe4d7b8786fc496fa941049d1f00bb738c90381d6bf2ff4fd62e74d9d27b6262914ee122923271c827bf4ce33debe94f835f1feda116f63aac689228ff8f956203fcd8ddc8c81d38ff0afbac3e754f308aa55bdd9f7e8cfc4f34e0dad93d4962706dce9767ab47d7d79710cff0026d182369046722a83b27df1b428233f39dbd7fcfa9e3bd60e93afdbea0aacbe5956ea15bafa7f235ac2ec33150983f77eff00238ea71d8f1fe079afaaa70e4491f96d69ba926d95b52ba58d007662189d996c1f4e9ebc8fd78e847337d7aa5d930197036f19c0c74fa77c76e3a569ea9a848910f29c6f57246d70a46338e3a93c63bfbd737236dcb755ddf2e707a7720fd6bd9c3c74d4f8fc749b972a12491647fa0e31f854723edc7af6cfe54d662d900e00e7a814d9e632ec07f870074c7af35e82b9e5c62319d64e83f1ff00269164c923190d51f9bf31f9803ebc7d7ad0581e06d39e73566d61e187cbb9481f4f734ff307a9fcc54636b28e70063247bd37e5fef0ff003f8d3d047af58dc0b98edcba49e638c61b1f741033c0e78cff00813d349604f34b8460dc0daa7017d401d3bd645acc56e202b2891da30acec41c7038ce7dbbfb56d42edb8855d9c6edc84f4c0e4e39af02a5d3d0fa5a094b7342de491882abf30c63e5ed82707eb53afdddacaa3ef12b9e727ad57cedca39550e32549c54edbb86641890900b679c7f8579f2dcf7209245885563dfb816c1565909fbb8071f4aa579345230642a5b39672c727d38fca96e2659e329bf62e589dbd38cf23fcf7accbbbe821fdf4bca2618f523dfbd6718eb73a25256b10788b513a65b5cde5dce20900dde62ae77fa023f2af933e337c74bcbeba92d60b83bb7101149d91803009e9935d07ed15f1ca2d16d3ec368ced7336420208040c0ce73db8eb5f1deabac5deb3279b733167cf099e0727b74f5fcebe7f36cd560e0e8517efbddf6ff00827e81c2fc332cd2a2c6e297ee96cbf99f7f427d47569ae6ebce37125dc85c8766ced393c01cfd7f9fd323ed0dfc401e7bd491dd3c6b22ef00480ee2c33df3dc70720723fad424af9809cb479fa12a3f3c715f9cca6e576d9fbf469c69a5182b242c6eb1b44cc15c2904a9ce0fb1c60fe46959fe6e9ff02151f1b94f2c7e948181c72719ac8d11623910b3908dbcfcc08e40e09c60fbe3f0068dd24efbd833ed18ef8c0181f971c5420955033f2f20714348c100fef1c9f94678cf7fc691772d79d2476ce119cdbb3862a0f0ad83b49e3af5e7d09f53512a16cc891b4823f9d8e7a0cd2b6d7236966639caf00741c8fc73c63d3939a96199ed54f952cb15c8de85a3936831b290578ea082c3af20f7cd0ddc3d05b1769da1b63133a2c85dbcb0048c0819507e8a703d4d3576c96f090dba72db4c4ab8040e01c83d79f4fc4926abc6db5b8dc1bb107dff004ab50379eae14842f8421d989605b39271c638fd383cd201cb6ed1db2b346b861f7d9b1d7763bffb07f3fa5126e9170de5abb966df9396edd8fd7b7f11edd1f2b092e26e7f73183b5881eb8181903f9e01279a9e302397f756c5440119d6794b3ab8fbecb80b804f6e70303248cd0d1a2b9516675b31196568d9bcc00ed38ea3ea0fb7e3cf1535acf2ee53bd96562a1582866c73db1927a1073c71ec457921485a58c90db49024ecc3b118a733092491245f232b92c549c90a703db27f0e9e9429761ca3a599eedf0a7e2cdc47e5daea1711ca8afb62e72d1a80aaa58631ce40ce71c63d2bea2d2fc4f6da958ab46ecb2b28eaa392076f5ebebeb5f9d923fd96448e10ace1146d8c1203f4cf3fc5cf51dcf15f41fc11f89126a56aba4dd4cb24918cac8f804a67038c920e0738f5afd2721cd7eb0d61710f5e8ff43f9fb8df85fea909667805a7da8f6f347d0779706e3cd0422f4230a071c2e79e72783f89aa134e5fef12c4ff0078f231c633d7154e3bd9670ab23f29c0ce3a751fce9c1c92493f2fb7f235fa4d3d11fce952f293b8b248a7393c0cf34adf2ae02a8c81f376a89e5390dc13ee38e94c63f3860f8f5e7a57419f2933302abea39e7a1e69ab83d7f019a8df2115777cd939c8e839a707c7cb9e9c0f4c7bfbd515625dcbb863e7208c0c7d69bc7aa5468ceac181cf3c1352fd94ff007e1ffbec7f8d3ba2794f443a84725c6c8d5cc2aa55bd49ec460f1ce3d3bd74b6a7661dc7c80152793e9fe7f1ae6b4c80ac714722a156c921dc1190573d391dbf2adc8e4692dd54c81fe7c3330ce4e0f3f97ea3d6bc8add91ed6122edcccd56915994000ed206e009ddee7f2fd69eb01e622992464ae72aa0e714c4992de3904bf36e8c6ceb942075c7f4eb517dccca252a8bd867071c63ff00d5eb5e6cae7bf0b6e2c8cb236c55607270c0f0b8e8303d8d793fc6bf89567e12d06e1721651bbcc218e58f1b541efd48fc715d7f8e3c4cda5d84d22cde5bb702450771dc3a1cfe3cff00f588f893e3e78b66bad416dbce77dd9675624e791c9f5fafbfe5c78dadf53c2cb10f7d97a9ee64d81fed7cc21824bddde5e9d8f2ef157882efc55ac4b7d792079256e06ec840380076ac751b51491b864800360e71ff00eaa6f9c594023eef7e73dcd349691c6463afdd15f91d5939b7293d59fd55469430f4e34a9ab25a21c008fcb915c16ce482bf74f6f63482431c9b9973fdefa7b13d282db813f37af4e94f690b950fb7685db9000ef9e481c9cd7358e863447b783c061c1233c7a8f7a579032c7fbb550a0afcab82792727df9fd052adc39f2b748c44636aee39dab9ce07b649fce98b8e081c01d33fe7bd3e54244d2324887cb465c0058bb0624e0027381c673c7b8eb8cd4215a42368c9e49e33c0e69483b4618edebf43532e63dca554f7dc7d3ffaff004a7d0693b919848283904e39c74ff3cd4b3334f3bbb6c590f1fbb50a3b0c60000548dbda3882b931ae5d537642b10031f62703f21d7835ada2f83758d66e116c2c2e2ee466f97ca8d8e71ce7a74aca5251d5b3aa9d1954768a31e2867b847d91b395e19b92718e07d001fe715b163a0dfdc08d92df66e2a15b9e08ce38c1ea149f5f97af383f4dfc21fd966fefa117575613b6f3b8a48800dc3a633db96e7e9c715ee3a3feccb6f6ce51ad59554e77700b74c74e32303d7a57915b32a74de9a9f474727f76f56563e005f0b6aa934e6ea161e736596618dcd9ce703a1c9c7af6ee6b26ea3304c7c96677dcdb5a33b71d88231d3923a0cfa76afd17f147ecf109d3ca44a9f687460aecd96e460ee38e3a93d31cd7ce7f143f66dbfd058dca5b7972b36f8e45dcdce4f071d49665f53c7d7250cca9d5767a0eb656e11bd2773e6640796565658fe708cc36f500f04f3db81e9e80d599b122b32842d80ac5c01b86e2415cfcdd31cf503a9c1adad53c337fa24a91ddda92c91c8a1cba95fe21c7a1527a751c74ac1750b0868ff75f26d946e0431c9c6013c8e07d08cd7af1b349a3e7ea53945b4d5849955d556352cea3e66c0e8718270783f3631db0055ef0cead3e8ba9c3756cde5146cf1f74f3c83f80f7e9d3d20ff4b55de20083c891239993ca2c819b71c8c6f38dca49cf048ec311d9b95baf3f2c007c92006600e7240e99039cf6fcaba215254a4a707668e2ad4615e9ca9d4578b5667d73e0df13c5e20d2adef217c865076b1e50f7535d55bc892601e323700a33ce323f5fcbf4af987e0df8d0689aa369d7927970dc85f2bb00c79fe4457d1fa7dd191132c03115fb8e538f59861a353ed2dcfe36e2bc8a592e613a497b8f58bf234d70d1f3d08e40a40bb7e4e3e63c1ec69eafb5000acad8e493c1a4dcdbb3900f4cf1cd7bc99f08ee9d84650d20603afaff003348ad86e580e79cf4ff00ebd2eed857e6c763cd5798315c6779ea306adec5477d4e8ae522b7d3ff00b3d6da19ee9ae3cc5bb8c9dc46d0368047dd2c783df1f4accf3a4f593fef9a966f129bcb2b6b73a7c50cd02aaadc5b62366da300b71927f1fa62ad7fc259ac7fcff37fdf0bfe15e6e1dd6e57cd1b3bf53d9c5c70929af7ae9256b2fcce974fbe8b7c42318383f348467764720fd3d78383c735bcd74cb6a66956346dc0ee9416cf1c7e39cfa7735c8e9f2335c4007f08c2fcbbfd4fdd39fcba7f3ae87e568d567936a2ca77333310e7b1209e3b9adeb455cf2f0955d9a46c5b17b98f0c5618b00ae01249e723a7f926a5584232a8f9f6e5829ddd7279e47151c76ea9222651821dd942ca78279ef9e7b7d7f0356bb5b4b733eee572c401e83dff001fcebca95dbb23e9a9c525791e41f1a7c64b6c92c064516d6a1a572a78ddcfb7b7a57c2be22d5a4d7756babd9030323921739c7f9e2bdfbf684f113358cf1023ccbb972f807852738000efcf5fcebe722a18139f940e33f5e4726be0389714dd68e156d15f8b3f7af0fb2d50c24b309af7aa3b2f4442b197628002e4e3ae314f696491238dda4758d48442d9080e5b00761924fe26976e541dc0f3c7ad22f0c31838e7e61c7eb5f12cfd739455d8aae1c39765f90a9c0073df8e78cfe3f4a6b280a846318c6067af4ef4adb5d90abb7a6d200da3b7d7df8a77923a2c8a4e324670179e9ce3f4a95b8ecda22c0db8c741e9526d11b36381d386cfb75ef4f545de183285f4ebe9c7ae33fe4d4d6b66d7722c51e19dbe60a4f3c67f5c0e94ee9171873324b55917ecb246d87570c809046ece738c71d075ebfa56a5b68b2ea523108a4c876a2a460b3601c0451ce4fcbc7bd7a7fc1dfd9d7c57f149e1365a7dc3d96e25a6902c71a6338e49eb9cf0067907a6457e807c1cfd96745f87b15b5ddec31ea3ac22a86b8c7ca31d3009ebc9e6bcdc4e3634748eacf630f83d39aabb23e45f81ff00b19eade23b88354f1340d63678dcb6699f31b3dc9e7b63f3afb1bc03fb3d787bc20d1cb6568619b8cef72c7818efd07d2bd92db4e5b7842a44502fb8fceadc51966e509c7bd7cd56ad57112bcde87ad1c4c68c7968ab79f531ac7438ade108a8a47fb2001fe7a55b7d363dca4ae3231c2d6a88d82ed00e3f9535a1209db1e471d735cee92b58e2788949ddb30ee7498a642db1bd036dfafeb5cbeb5e0d83528f64911901241dcb919f5c1e87fc2bd0248707eee467bf18f6a85ed5b9c0c7ff005bfc9ac1d2e569a3a2962a51ea7c65f1b3f6645d434dbe9ac22393f38da84b00093c77cfb0fa0eb5f0c789bc317be15d685b6a11080ab152594aa8c8c64641c8e4e40f4e2bf68352d2cdc42c02ab1c70401d3d2be4afda73e04c3ab69f75a95a5a4334c177ca7001dbbb9c0c81fe1cd7b383c6ca93e4a9b336ad08e321ccb491f9db3315937a2c614a05d8547618271ea40ce4773d734d9231098c6e2783bbcc4c286ff24569eb1a3cda4de4f692c3be5b70c24e380b9203123a1071dfb81ec73bcaf2e4f2661b76b9df26d395fef0238248c74f5fc4d7d5269d9a67cbca3caecc9adee9ed7cb22565f28aa8955f0c992490307ee9e4f43faf3f4c7c39f1547e21d1eda5de1a68d42bfbe38cd7ccb707ecf72c20f9e58dcec91483b871b718ef9c9fc7dabd23e0aebdfd97ac2da1e629940dcbd0311ce727db1f87e03ec38771cf0b8b506fdd9e87e63c77942cc72d7562bdfa7aaf4ea7d291bab45900807af4f5fe7529937118ce48049e47e159b612b4d1aa8ebd076ad0049f40c0fd057ecdb9fc8d38f2bb0f7fbe0e07418c9f7eb4a1406f5cb601fad3597e600f4049cfff005bf0a327e50d91b8f039357b19d9d8963dd918041dd93c9cd2ec1fdc5fccff008d337718ce7ea38e7b8a4f38ff0074fe6d5572396e7416afbadd80381904a91d783cff009f5adab5919e15da5e731b072a18e08e4e3f3fe7f4ac15531f965bee37cc33df9c56ee99305872b36588e63123020f2a0fd7047e02b2a9b18d049ceccd4b2d476cb0a039fb416dafbb9539fbbd38ea3b5617c40d5bec36c913cac8caa77f272063819c734ed4af65b2f25bcd695082c7ce390a48ed8e7383f9fd2bcbbc7dae3c969712bbe188c7cc739f41f5ff000ae354d27ce7b94a52ab6a3dcf9ffe306a96b7774c2e2399ee64c3c7e54c14458385c820eec82fc0c75073c60f95f0a4eee4807ee9ef8fd6bbdf1f4d347777690c71cef3db07ba125bab1886f5c326412878fbc0e7048ce0915c1ec0d26d56d8bd43313e9fd6bf11cd6abad8ca927dcfec7e1cc3c70d95d1a70dac46a3032476269fe749b114c8cca0f119ce07f9c9fccd295605437201e3272a7f1a74704922c922a3bc510dceeaa485cf0327b64e0735e31f51cbd859963665685485e4ed6393d7a74ff3d7be2946d6cb796bf374519e38ff00ebfe953e9f7d3e977093dbb08e455650db15bef29520e47a13f9d100291e463e51f27ca3d4e7af51d7f4a97e66aa2ee68786fc3979e26d5ad34dd36ddae6e6e9824712649dc4e31fe7b7d2bf403e03fec13a168fa6dbeabe35dda96aec771b347db02020fc840ea7079eddab07f615fd9bc416f1f8db598332bb116b192385071bb18e735f7ad8e9e33f7339e4d78988c4ba92e4a6f43dd8d386120aff0013fc0caf0af82b4af09e9b158e99651d8da47feae38ce00cfe15b8b1c6d182acac9d32082322ae795b5405e9d8f4a93cb6e846477e33cfa572ba37573cf9d694a576ca0631b791c7e74041c9f418ef8ab9e5e3a641eb9a6e36b105415eb8ae6f662e72bae3180780339c62865e0e4f07fd9cd4ed19de4ecebdbfaff3a788f39f94138ebf8d0e9eba07314fcbfeef031cf1fad473284e483d31cae3f1ad0f2d9998950b9c91e9d69924442fd7a54fb3ea353d4c6b85da8549cf4faf6ae735ed3e3bab5923910b6e5d841f4f4fad75f71195cb0031d87f8d66dd4671f740e73fad71d68f63d2a15795dd1f9bbfb527c1f8f4dbebabdb25ff008f8dc5630a0051bb7120f03920f5f53d3a8f93248fec72152795f990955619eeac0f4e40ebe9d306bf54ff00685f027fc24ba1cea91879442c4855c92a79c0391fddff003d2bf347c6de17baf0fdedd96b5592d9a4688b6ec8570c5b819c9c0046ec6319ef5f4196e23da43924f54198d15655a3d4e51986f6d91fc849c2c8dd30bd3391c8fe607d2aee97752e933c1771bc6bb5d24e546e2067eee4671d41c77f5c5570d1c8c8c231185400291b87439273ea79cf18cf1daa4f2e15b88c3ef508550aa9590b7524a9c01e831faf6afa284dc1a9c7747cd56a4ab45d39ad19f5a785f523a869f6b3b0e24405bd8e391f9d74709c291d7773db3d2bc7be0d7889aeac8d94971e69858ed63c127279c751ff00d63d2bd721937756f7faf15fbde5b8958cc2c2af747f1471065f2cb730ab867d1fe059552c1b68cae7d7fcfbd4f35d4f308e396492558936a866242ae49da3db24f1eb55958f6e4f619e79f4a760a8e7e61f5af54f97d49d61380c411d063ebed4ef27fce4d45b8b20c0c6467a7f9f5a3cd9bfe7a0fcff00faf5667a9ad137cdd0919c63156e39830f98966e49e3d0753dfd7f2aaa13e4c87049e833cff9ff001a6c6ccacdc9ef9e7b553d4e22feb174174a759e594cbb77228c6dda4e72ddf9ebcfb76ebe55e22579ae214c0fb3c2be7b93d0b76ff1fcabb8d59995bcb77c2edc9e7ad79e6bf7d0dbe96f2c8e70c58b1519e075ae3ad6853936f63e972c8caa568a8ad5d97de7ce1e2a79752f116a44dd2c290a67e7902ee5ca82aa3f89b2738f63e95ca1cb3124743f956a6a7769a96a977752bbfef0b32f193fec8393c76aa208dc4e1067270738afe7ac44dd4ad29f767f6f60e8ba387a74edb25f9090ecc6e74665f456c63f43ef5380d12820baa4a38db9008cfea32b9e3b8f6a82384b233aae42ae49ec3903f99157f4f87fb42316bff2dd58984fa9381b0fa64f4f738efc729e86a867d9dbf7712fcea4e5180c6464f3ff00ebe6bd27f67ff86f37c52f88da5e891a39b65266b89230c76a0efecdd31dbf5af38b787ee2b308c82599997900631d7af24f03f5afbe7f611f0f695e0ff0dcfabcd134dacea4360033f2c40920e3b727f41f4ae3c55554e9799ed65f43dad4e64aea3a9f6a7827c376de1dd16cf4eb38c430dbc6a8b1f1c0031d0575b0c2ddd79fd05735a3eb51b70e9b19877618fc3d475ade5d7ecbe5cb05cae473d7f1af368c29a576c8c546aca6ee8d38e3da0924a8faff009f4a26e01607e63d0e6abc7ac59bb651c1079f948f4a57bd899463196f7eb5b4a70b68cf339277d50f11ab31e83b9383c0a8580c9048e9f853e39c371dfbe0523290f82b941ed8ae4ba7b15aa23c74191f2ff0fa7bd4a988f2491d3d29adb7a600f4ee334ad32ae39e0ff9cd09a5b8f724f2d5978e7b640eb51ba85ddd7d7a64d44dab4309652471d6b1350f1e595b388f05c77dbc74f4aaf694b66cd69d0ab51da2ae6b4c89bb6f61eded59f750aefc0381df3f5ac893c796e5d4ae02b0e077351de6b53df5aef85719e3691cd73d5f6724ec7a34f0d562d732b187e2ad316fed5e3751b0e32318c73815f9d9fb61781e3d075e4d42d94b09be528621b17049073f8918ef9afbdf5af8851f87d4c7aec2f6f031c0ba119283270324671ce073d6be5afdb3349b7d5bc1d06ad6ae6e6da27de258401f2f5e9f41ff00eaae1c1cdd3c42eccf62ad272c34a3247c33319da221498e370b31fde1c1c0c2f53ce3271dc6e2335564ca4cac4e037dee3183df8eddeb70e8577348de5442786d53cedab30dc5321770049cf209381d8f41d320c8ca1a122195a4da0316fbbdf8e71df073d33d8d7dd45dd687c7c958eebe11eb074fd553744144a76ee5c0de40c91803b065fccfad7d1f6ade62c671f2f5ce6be4cf0cea51e95aadbc90bb39f2f73ac7d0373fde3c9c75ff0078e3a57d47a0eac6e34f4e146f50581193c7a646457eadc2988e7c34a937f0b3f9afc49c07b3c6c31515f12fc51d0aa956e8430e9934f55f9c0e8d8ce7d4f7aab0dd0eacf8c727e991f974ab70b155e49dc467fcfeb5f7a8fc3e49a25d9f31041047047bfad4de62fa8fcea1dd9ead8efcf3526f1fe4559cecb7bb0429248efcd31a55543f3531b272c58631cf15048df3f5e4e4f1ed55b1928dcc5f105eb451dc104ae54803d38eb5e65f11af9b4df083119f2da12bb9475cf5c76e735df6bb22c998b76037071ce326bc8fe37eb4d6f6115844db7cc652fe9c1c818fc2be773aaca8e0ea4bcac7e97c2784789cc68534baddfa23c523628cce235c1040ce4053ce3183d7d29f1b46d0946f94ae5d180272dc654f3c71fafd6ace9315ccd7124766de5c8d14bbc89961263f2c961924672bbbe5fe2e9839c554442ac6428193afce71901871ff00eaf5afc2d9fd797e805402a1972070071c9fafd48a9a3c3c998e3501b2760e48201e84e4ff00fa8d449bf2a0b00546030e09fc475353c7bfcc1fbd512173b9b00edc720e476ebd3d3bd49bec685b4779a9dedaae0899f112baa90cd9e99c0e4e3f315faabfb33fc204f07f8034c9aee66b9bdb881659181c0c919c7ae6bf337e13c16fa8fc42f0f472ed64f3d43a3705f18c01804741df8e0f735faf9a5eaf6d61a6c2c6455444f9b7360018ede9c57cde6759539460d1f4d97c24b0f29d3ddbb1b926836ed17ca1816191f3e013efc64d713e22f03ea8cc5acee0e59b272e41fcc7e15a51fc52d16e5a44b6985d32fdf6475083f1240c7e35ccf883e3ef843429d6def75ed16de46e8b25fa13d33fc39af12757da7c08eea5f58a32f7bf122b5d1f5cd19576ccccc5fe6dce587d077ea2bacd275fd486c4b98c05c80ecc4861e9fa7afa570d63f1c7c3de249163d1f55d275364071158dec6ec4679c2839f4fceba4f0ef8c2c75c99e38fe4962c168a41c807e9fe78ae2a9ed20f53d2a919568734a099e95a56aa64288c7fdd3ebedf956faca36a9254edf7f5ae4f4764693775047a7f4aea6dd46d000c86e4fb1ff39aeec3ce525a9f1b8a84632d10d9645db9dc148fee9ef597797e21dbb88193df0456adc77e32074fa62b8fd7af82b7d0f181d2a6bd470d8785a7ed25631fc417b79711186d4b2162417dc17079febfcab163d2ee76b279b9723b8c83fe7d2b9bf1f7c58b6f0b79b6a8a6e2eca97215b6a228eecdd1474af2df117ed1cde01b3b5bed5edf589a2b98de589ac74e768580380565236b0c95191514a9d6adef455cfac50587a57935147d2da4e8eb1c3b6e2413118276af4e9deba2b68e0b70028c6e07f871cf5f4af8cb49fdbcbc39751efbbd3b5fb4b53b544f1dac732658023201fc07af3e86bb9d07f6a5d275e50fa7ea30ea30a9e6378cc3708c7b143ce7e9e86baad5e9ad6079ce1f5995a35133dff5cd2ed350b7916685278d872ac81867a630457ca1fb44780e1f0ffc3fd7ad2d52e3ec3262e2257219626008da1707a9afa13c3bf106cfc41671dc5b3b00c307702a55bfba54f4ae13f6821fdadf0d35c30a280d170cc012a7aa918e9cf35cd0abfbc4fa9d54e9d4a717096ccfcb4d4a34596479088e4e7746800f9707918c63a818c7af4e95463862565139631e3723a0c607bf1cf20719efd456cebf66f15e49cec5663b048ea70aecd8e47fb23f4f43ce36cf3a608624605490449c9240f438e09ce3b9cf5afbd84972e87c5d48b8bb02fee2f22dcdb020ce548c120eedb9048ebfe38afa2be1cdf0bad0eca553bd4a7ccd9e8c3823193df3debe759245f3636876c7b63caa823f1f9bae720f5e707193c67d87e10eae63b7366f701f24ed19030719e7df27ff00ae7a9fb3e18c4fb1c6f23fb48fcb38ff0002f13957b58ad60eff0023da217e0109c1e3d7fcf4ad2b6992259018d650c870493804f7e08e7eb59162ccfb47f78f0dd2afa64e7a7e3d3bd7ec9e47f29d44d32d2485dbeee2977b7f73fcfe54c4c8dc70723a8c714ff397fd9fcea8e368b7c9f98f007eb59f7929e58ee3c1e73fa55d91970a140c77c5645e7cc4c60f2c71d38ad58e8c6ece5b5ab955beb75762bbcb39c7438f7af03f8ababc97dacc2bb11963cb863f30e7b7a76af70f1218e4bc58236c7cbf3bb0e0743c57cfdf10ae3ced72e231329487000038cf1c0fc0f7c7423d2bf3de29acd61d453dd9fbcf87f8652c6fb46b689cdc6a92b468cde5e32776cdfb9bb71efc0ff269b36e8dba100f23e5f60411fe7bf7a923902cd972f287ddb94b107900e49c7ae3b7f0d45e5a2f524fd0ff009ff22bf28ea7f42a8eb701db037e78c631fe4d2607040c77edc73d2ace15197695520677062483c0c647bf3e9ee6a485946c249c773b80241ebcfb7eb4bd0d16e761f0bad6787c6162d042f25cc396dbb36b0182391fdece3823bd7d75f12bc67e3093408563b3b920c615570db4f4192abc9e39c7b73c561fec43f05d3c41349e25bf8165b788ed8598eece09e3f9d7dc375e11b79a301e0493200e40381d7d2be3b1f594eb7bb1bd8fbdc0ce9e0f0ea9cdeb2d7d0f85fe18fc1bd57e326957cbe28f16dce86caadf63b1f9a18f783f29246176e71eff00d3c17c47e03d674199743d4bc33125e433b06be8607569d31f73d0818fe11e9c915fad1a6f866cadf21ac605c0c95dbdbf2a66b9e0bd2f548c6eb5b74e3e5c20cff2ae88635c60ad0499c75a386ad3f7a4fd77381fd90749d39ff67bf2bc6ba1f87f4cfed19de4b7b1b2b248e65841c2348d966672416c939e40a7d8f82ecbc35e2195b4b7bdbdd2e46c24772bb8c5cf27cc3c91ec738aecad7c34966be4dba08e35381f2fafa715b767a7f9285b6f5fcbff00d75c98ac4cf1492714ac5d0e4c0ca6e9cdb52e84d63b618d1812aa06086edc7a56eda5d2e073c9e9839ac9480ed40179232703fcfa0ab3186552d9c11d33fe7fce6bcc8c9c1d91e5d64aa6a685d5d288c852739233e82b93d4b64cc5b05bd3f0adbb890ed1fed364d625c29f30fcad9ff6471fceb3a93727a9ae1a3c9aa3c90f82e58fc6035dd5f47b2d52ded65dd6704d3bed5391fbc75c60be7ea001547f6aafedaf8a9e14d2dbc3915e78775ed351e23f639ff732dbba85789940e47b118e07a023d8a4b16b86208202f5e80f3daa26f0eab658a127279383c9aeea38bad463c907a1ead6787c4b8cab2d56c7e7f7c3dfd957e21788aff4db0d6629edbc2ab7627bb82198b39385cb20381bcafca09e8338e6bd63f686f82e3c71a95a5d687e096f0ededa288dafc4a82495400003b3bf4e7fc9fad74fd3c5be444aa0a9c1c6073ef46a1a1b5f36e638cf5e45763cc6b4a9f2a39a11c2d39db974f53e64f823e01f16683a4a8d56e1de50c46d930e59413b4e71d4fe7ef5eb9e33f0baeade0cd4ed1a23248f6ac5509ce703bd77d6fe1f16a02a92a5471c8aabaedb98ecdd5931b94a9c74c639af12ab94a5ccf73be58a8d46a30d8fc82f1be9f0d85edc41379b1cd0dcbed9233b86c2c41f97a71b48ebcf39cf26b8e59a158d1e68d880c04c96ce63668fbae48201238ced38c64839af5cfda53c3aba0fc56d4e128555e42e9b54966ddb8e71c631d3bf23d8d796ee54b98a568f6416eeced006ca83924207c9c9214f3db9afbdc2c94e9465dcf8fc6ae5ab2895ef3c9b4b89228cb40e8fb557712631c1209c0e41183ee0e2ba9f035f2697ae5a49e72f9729da8fce06ddd9c9f5c6de78e08ae579e268d6598b0dc2670170cbee7d372f19e781ce455eb3d42d639a1f224994e423178d406e013920f6f5e78c74af630d55d0ad09ae8cf071b8658cc34e8cb69268fa9f49b90e03261a391438c93dc67f3ad68db0178ce7a8ae03c0baa7dbb4f85ca94042b296f4c03f9f23f3aef2de42573b95891dabfa030f5556a51a91ea7f14e65859613113a525aa762f5a8f957a364f41cf6ff3fad5adcbfdd3ff007c9aa90803fdd3edd39f5a77da07fcf46fccd76247cfc96a12b7e07bfe959b78fe5e491860a480bf9d68c8c7cb2dbb6f5f980ac8d56610db903863d78e95a49a48eaa0bde491c2f8af54367a6dedccafe55aeff3045b885040edd79edcd7ce77f70d75299c852cc5b71072391d33f9d7aaf8ff005612436d049702089a666da7043afa11e9c8fcfdb35e5571b99d1d4ed566caaed3ce7bf4e46457e2fc458c55f13eca3b47f33fab78232f785c17b79fc53fcba105bc85a40221be673b555630dd4630074e738e2a24dc9829bbae4e33c1ab9a7db8babb82ddee6de0324aaa679c958d030eac40380b9e7838ed514570f0b6e8d8c05948f978201e08cfd2be3ba9fa54421dde4824f97b5b0369c64fff005813cfb8ad7f0ce9336b1ad69fa7d9c2f24d753089553abe48c2fb73fe3e959598cefc30dbc32a85e09c77c9ce467debe88fd8bbc150788fe280beb85531e971e42480677938f7e473cf6ae5c556f6146551f43d3c0d0f6f5e31e87e89fc07f02c1e03f87fa568f6f02a082201c7525b0327f1af515b33c11927f0ac6f0f4216da34039ee33e87bd75f69099140f6ef5f278787b657eacedc6d6b546d1962d4a83f37bf23fcfb5074d6dab8fbb8e78fa57471d8ab7ca00f6e7834f3668b83b31d8fb5777d4d9e4fd6b5d0e5d34d28325b009e7029d35984563bbe503d873f956dcb1f95b48014919e3b0accb899176e40f63cd7354a6a9e86f0ad2a8ee8a0d12c783bf040fe9de9ab08fef6477eb8a1a60c4f5f98fa66aedbc47218a6e1d863f5ffeb57072a9bd0e9949c56a655e46ab925bf007a74ac5671e70450c39c8eddc71f5e6ba7d4acdfcb70808dc33cae07e75c9dc48d14c338e80f239fa7e75cd513a72b1df867ceb4356de00fd0eefe1eb9cd5e8ec57efe594f18e0d56d266590284c0c1dbc01f956fc3186c7a6339c7f9f5aeda31e7b2396bd4941d8cf8ec447901493f4eb529b0049c293c74c56bc706401f748fc01ff1a9bece769383ea2bd08e1fb9c12c4339f92d427cc549c0c600f5fad73dad59acb03878cedc1ca938cfd6bb4bc8fe624ee071cf3ce335cd6ac36b36ece307863d3aff00f5ebcfc4c79558efc2d46e48fcd6fdb52c1ed7c756975007448ed4bc8caa5803b80049c8db9e3923b77c57cc572b2dafc82628a1b955c6d1c7cb91dcf2c3f3f5e7ea4fdb8e68e7f19db14650520dcedf2ae0648c0cf3d4e718e71d457cade49b8f216277513ed88aaee72c7233c0ec3038ebc0e3d3e972d6de1e273660bfda59504ccf3fdef215b82d8c945239c7e03ea6a786589a722462ed9dd1cbb406381d81e73f28001381ce064d476ad32c20165f288f30ab381b829605720f1905b8e339ee48c8f6d2476f1c8c84ac7d7760f072547a93c9240f4e718af56e8f2df91eb1f07f522e3ca94fef32769ec573803a73c7a7f5e3daf4f7656036ed3d7ffad5f37fc39d5974dd6846b265647ddc96f9c0e8724743c9fc2be87d3668ee2da3914e5580dac0f047d6bf66e1ac52ad8450eb13f9738f7032c36652a897bb3d4de8a46f91718006720d3bcb3fddfd47f8d578983283c038f4ab9e73ff00cf4fd2bec11f92c96a569a52dd170076ae6fc41765609028dc42f39cfd063d4d6dcb37948ca464fb735c9789af8da58cf29183f7f0dc8ebf5f7a9c4cd53a5293ec7ad97d1756bc6096ed1e15e3cbe89ef0e1959e270b98c0f978e727d720e3e86b89763c2820e48e57ae7ebdbad68eb019f509ccf346ef213336cdc4027271c8ebd3fa9acd590ab6eceec608c80471f5afe79c555756b4a6fab3fb5f2fc3ac3e169d34f648b50c96b0888989a639c1e83033cfd4fa66a3ff008f891b6af45dd92d8c63ea7b0ed5268d70d67ab594cb670df3432a4bf64b952d14f83bb6300c090c3e5c020907820d477122b492068c23ee39555da14e47cb8f6c74ae1bea77adc7c046ddbb1b6725b032471fa75eb8ff000afb23f607b5852e35990019322ec765e4f279c1edfe15f1bc12b47878d9d78009c600e49c673ed9afacbf610d616cf5fd46dcca30eab8460bc7033ce78e73d7ae2bc9cd2f2c348fa3ca3fde3d533f497c3aecde58ca8c0e01e3bd76565f201f3ee07ae2b83d026f2d571c8ce415c106bb3b4b8660194e41f5ef5e1606a28ad4e4c7c1f3b3a289b6aeedfcff00b43a71552e240b8c3671c641e4540b74db718ebce73c557965381ce491d326bdc9d6563c28d3d6e53d4efbecfb8b498f6cd734f752dd48cbb9829e47a75c56c5e5bb5d3004e55b9ef4e6d256385485c6075f4e95e04d4eb49b5b1edd29429475dc2df4e1e50919b07039c71562cef2dd5d549cedfe5583aa69ba8493065b974802f31a9c1aceb7b5b8d3e63e5472cc18fce5fe66f4ff00229734e9bba89b2a31ab1bb99dc4b35b470be4960dc01e95ca5cd9c1a95c4851b00fa9c52c8d773ab22c65c01c718fceb067f0c35f5e79a86e206dc19cac8ddba6066a2b4a555ad0db0d4634db6e762ec96f269f71f233498f438ef5d369f721d54be41ef83552c34cd8a07de000c3119e6a786dbecf3f5e339200c7f9eb4e9c654da68ceb4e3515ba9d044e9c9e9c77fcbbd4c8dc003033ef9e3fcff3aa1036c60371c9e3e5239a9cb06dddc919e7d6bda8d45ca78b28ea57bcdbb49db803b67a5719e239238e091980e010188e9fe78aea6f24e18173863eb5e7de3ed60691a5dc4f232a955279c119c1e3fcfad7898aa9cda23dac0d3f791f9a1fb5878a22b8f8b85e31b858bf92a92c61e3771863907ef0c30e381cf3dabc1158ed8fed2e7217cb08e493b3610adcb03c646074fa8e0f63f12b567f1578fb5cbdb6cddabc924c26e00d88acdce473c293ce720605719259cf13729e6caa0ab4793ba2c654023820e4703d803e95f5984a7ece8c627062a4a75e4ee576411dbc592e0bab10b8380a0e33ef9208fc2a66f26365f318fd9cf99b522c939dbc124e382d83ed8271da9a1424b124f1bed24ab0dd861f36d3c1efc13f5a8ed6294c9f2052f8c81e605078238e464e71c7d78eb5dbea72696b1734b9a2867b59a5c315917cc50c4ef1924127919e7f303be4d7d21e07d44cfa4428cdb820c06ce7f33debe67922c4d1b2362360cc119bee30c820938c1e87a9ea392457b47c2ad55a5b3844c821790943c61770f4fc31c76c8f519fb8e17c42a78974df53f25f10702f11818d75f659ebf1cfd30bf2e33d0d5cdcf59f6f326001f30c1c6075f7abfe5c7fdefd5abf5f47f31c92bec52bd9079982a4f73926bcdbe255f1fb3cd6c8fe5caca4900f238ebcfd0e6bd0af26f213716c93cf1cf6af03f889ac34e6e5c125f38dc32319236f5e9d3d2be7b88313ec30724b767df706e01e333183b691d4f3db9940ded1a4e232f89771233cfdd27d4e3f4e954a4d9228508cb26705b7823a0038c7d79cf71e9ccb15d3c2f1812101727af4cf71e87dfd85405f6e41cf4fe95f867c4ee7f5a28f2ab16f43d42ef4bd52caeb4ebb9ac6fe09926b6ba865f2a486556ca3abe57615600eec8c75cf151dc3c934ef24e5999dd8b3e776e6ee73df9ef50c6c36a8707613d719c7aff9fa53e598492361f702c46f65c6467be0f7a9b31adc5b768d194bab119e42b60e31f4af74fd92fc611f87be25c1148eb04576a13ae14b64003ebf78d785f9c360c92483dba1cf5fe95a7e1dd6a6d1f55b4bbb61bae6170c8072588e9fe7dab9f1147dad2943b9e9e0ebfb0ad19f63f69fc3176d25ba62518c704576b617e781bf3d323b57817c01f8830fc41f0369da942f994a8493d9875e33c739eb5ee562f843f7bd73e95f9ed273a73707d0f6f1f4d395d6ccdd5ba3b48dc792080dcd364b82e98ce73ea7b55356e8143018e173db34c95997b63078e6bd1755d8f0953572e424798493b8b60827ad5f69448990d8507af6ae6a5d43ecf21cfcabd47b566de7c40d3ec5584971196e46ddf93eff008d6d47114e3a48d960ead67ee2b9d8ed0bf38e00e31eb50c93c1f30db9c73cff009f415e7b73f146da589442d1aeeeaccdc7be3d6b266f1e1b96dd0ddc5f2755420f3552c541af74eea7946265ac958f508ee06e242fd3d2aa4b7cab264fcaa07decf5ff003cd79c5d78c6f45aa486554dc3236e33e9c560cff162c6c6f12dcea30c970481b59c6e39f5c722b0956ec8eea793d696a8f6eb799369e4f1c9e6964b843b4e327af04578a5afc6f417df636b3b892577c0d9193e9d7ea0e6bbad37c40fa932308da3623037003f03cd2957d3639ab6595a8eb35a1d9dbdc86f941e3a1c11c7f854cd70a8ac4900e78607f2fc6b2ecd5ce0330031c1e9fd6ae3332a96dc1571ebc7d69a9be53c99d34a451bfb8521b180f9fe1fa7ad7cf7fb5178d23f0cfc3fbf9f72ab3651541f9b91c60641ec7a57baea971b4312c06dcfa60702bf3cff006f0f890baa6a107876d2569a38c86b8914828ac0f038cf3c8e958518bc4578c11eb51b50a72a8cf926f354df35c29e60965532498dc4e3a9c138e4e5b1ec3d2b3199e688a4671fc4ebbb03e518071dce09f7e4fad3d99e167385570bb860fae318c77c1fe62936fca648de4db85c9d9c636fcdedc1e07ad7dea4923e7252bdc4924f33766562a06ee4e493c00b83e99fcb3f4a74722c12322860afc72570ca09cf2471d31919ee3a1a6c11b6e6c02c88ac776095ff007bb7aafe8306a0c3f507217a7f176c8fe5fa552f232b762786fda3b88a7dbb112457222014f18e848383c7d3dbb5761f0cf5e3a7eaa96a76b40cfe62a95f98360f7efdf24fa0c5719082bfba12a8037a92d9dbc8ea0fbe31f976ab3a2dd793aa5bcc1d51d1fcc0e182fb919247607bf7ef5dd82aef0b5e355743c9ccb071c7e12a61e4b747d67a7dc34d146df789e4853deb53ccfa7fdf22b89f08ea897f630b2b2b6e50ff0027dde4038f6ebd2badfb445eb1fe66bf7fa3563569a9aea7f196330f2c3d695392d5339ff1a6a861b3948da800ea5abe79f136a9f6ed4658637deadd0b104f6e391e9cf5c1e3e95eb3f15b55fb0dbc49b8b024b144524e075e9fc8faf7c5784ac86390b1512c84153b9738c8c6707be0fa75c1afccb8a316ea57f631d91fd03e1fe591a58478b92d6457dc1a25452c4eecedec78e38f5ebf9d0546f0a8df3118ea00e7b673f5a6ee518201ce0f00f7a5626461c92d8e771e3e9ed5f047ec0c601b597393feef35285fb4b1314649e5b62292579fcc8e9d6a4b4926b1bcb49a18e36b8574962dd18955981c8050e43738f948c1ee39a9b5ab8ba9355d41b5189a0d51ee24372be5ac215cb1dcbe5a8013e6cfca0003a62a5dc84db644d0bc719cc4c31cee743c1079f4efdb069b1480491b425d581dd9cf231ce723f3fc29905e4f6f0bc70cf2448f82ea8e54360f00fad245b779f4c119c039e31d2877b1b45bb9f547ec4df17e5f08f8c62f0f5ebb269da8ee109958ed120cb100e38e0f3f857e98e8f7c9731c6048181008c73fad7e1b69f7df61ba8ae6dfe79e16122139c8233e87d79efdbf1fd1dfd907f693ff0084ebc3e9a46a936758b1408df31c4aa380df8d7c866b8574a7f588edd4fa5c35458ba5ecbed2dbcd1f6646c1d55720fd0f4e69265cab1df9cf4fcab1acb56593054b13dba7f535a71dd6ec1da4e6bc98d48cd1c13a528331f54d30deae379eb9f97a7e3c5717e21f06c2b031f215e263963d4e7239fc78fc857a6aa1738db9607f3a49ad04d18468b1c03b7fc6854d6e8eec3e3a7876accf10ff00841acf559961dbe43ec60149201c8ebc77e4fe759d27c184b7b857b4925b793d622c01271d81c1e9dc7a57ae5e787550931c200c67e5c8c73ffd73558f996319de59581efc818ee78ada1ecd69347d14735adbd397c8f318fe17eb373288ae75097ecb0e00001cf6cf27dc7a559d1fe07e85a3c6f7325b0decdb9a47c9627d327903a7b57a345ab36194c81b3ceec118e9fad4a21975291576e63eb9edf8d6ca5416b1d5854cd314f46ecbc8e534bd05679d22820f2e11fc4319c7d7d6bbdb3d0d2d628c2ab02bd32462b474cd1d6cd41011474e9f4abf74bb43636f14725d5e47cee2b1f2ad2e54f42a44cb0280cac727f3a8ef648d72bdcfae00f614db9b831e0939c735cc78975e5d2ed6599dd51154bb648c6057254a8a31d0c28d17564ac721f18be2258780fc2d79a94f3aa18d1b6e4af27071d48cf38afc96f1d78c27f166bf7da9dd190cb3ce5f0cbf7067900f63c0fe59e2bddbf6b6f8df2f8d3c453e976974e74eb46f2f720e379efd78e3774efd6be689e699a74762d181965206df9413d3d4f5afa1cab092a71f6d3de43c7d54ad461d08248a4da81d5d11be701b81dc67a7fb3dbd2a38bcbcc69233aab37cc5392178edc73f8d2e766d4041fe2ebd08edf97f3a9164560b16e68e20cce1980feee338ed9c0e87d3ae2be8d1e031912234ca18e0100b77c648cf03af07a0a5dc17772c22e4a8660718c9031eb9239f73c548d25a35944a219fed2acc5e42e3615e380b8e3bd35d0b6154203f3679e7033fc5d0fe1e943dc57487dbcf6ab65207b62d70cfc4dbbee8c60ae08c7209e7a82062a1899428471d71963fc23af1fad0238de3f9814ceec60e47b678fd7de9d342374ac191429c08f7e72338c83d1bb74f5c8e33845743d2fe13f884aafd8a565568c85552c093c92703b76af58fed55fef7fe436af9b3459ae74bb85b9b790008e8599a408319538eb9cf3e87bf5aedff00e16c4bff003ca6fc87f8d7e8992e794f0f87f635dedb7a1f8a714709d5c6637eb3855752dfd4b5f16351ccf2447e50ac15bf5e3f9f5af290dd36a9dd9c865ebfe78aeefe295d47717c888d1eedec5fa06e7a7be383edc0f5e784799595d4336d1ca465b200c9ff0013fafad7cce7357da636a3f33efb86292a395518dada0c55f9413b86339f6f4fafd2a58d9197615cbedcab7bf1c63f3fcea0e5b6f6e71526c6dabce548638ed8c73d7e9fa5788af7b1f50f6124541182b9638fbb9e41e39e9d3fc29265f25982b891158aac8a080c07423383d3b114ec6d902e00e70541181f89ab17c2cfed9726c6396dad7cc630a5cc8249163ecaccaaa0b63a90a013e949ad44533203b4600da38207dee49c9e7fce29d09fbbd0fd69bfead82904303c8239a742a7e4daade686eb9e0f4c718fad26dad8d224b0e5a45006768ddf780c8faf6ef5d47c39f13df783fc5363aa583b453c1202406e0e4e083c8e307f4ae6c0dde44b3864b77fdd89122e3e50338e80b0ca9ebdc67ad58d2593a31dacd2260e0fc806497ebd463d08e4f4e2b0aa94e2e2f6675e1e6e1514a3b9fad9f073e2843e32f0dd8dd2bb24ec83cc463f75b1cff9c57ae58ea2248506edc48cfd6be35fd9d22b98bc3b67736c3702a3e63c1e3b1c6467ad7d49e1ed61e78630f1b066e0a939db5f99ced46aca08fbcc76154a2aa2ea77d0dc7032770c8ea2ad290d83d73c67158767759246de5873935ad6f27f1004f7e0f22bba94948f91ab4f95960421bd3b91c5325d311d86e507fe03c55b8f250e1091fc5926a758f0e8922fccc370ee48c6457a91a69ad51c7ed2517a3326df47859982a0dabfecf5abf6f60b1c619474eb8157e387ca5c800ab1dd903f9d2bcc76b02428231c8e0d6fc90899cabce7a5ca7228872c33c7238ef59b7931894a10c3f11576f672a8cdb94fa63afb5725ac6a0158fcca79cf4edfe7f9d79d88a8a09d8ecc35175590eada988c3fccc00191ec2be33fdacbe3f1d2a1b9d134eb91f6b7425f6ba86d831920e7af27b13d78f4f5af8eff0017a1f04f866e991d7ed2ca551738193923273c0f723f5afcdcf1c78ab50f186b575ab5fb3cb24e144b194e91f0410a3690385fa9e735397e1de2a7ed24bdd47bf564b054acbe267397b785966899236763f2b387f3324e7703efd79f5fad535009428af26de76e090474f5ea49c1fafbe29cb1f931867866513444ab2ae0050db4b7fb43e571c606475e08ad0b2d31aeac4cd12fc91ae649f0d8427e550581ea482b8c701875ea3eeb48ad0f94d64ee60c8a536b823e6cfe15234ee30b10604820727a7b7d79fccd4a81918e4b3a1dab237941b6ae47af7e07f2fac727942423764145391940adc13c107d587ea38e28e631d86f2b9db908c3073fc58c1c67db8fa54acc218e3c1690edd8083818c9c8c0e70475e9d5aa35f2cc23395931c303c1eb9fc7eefeb44e922485dc3860464b6725b8cf6ff3c52e6d44e2d93a231854b33481dca9850938f940561ebd71d7b638eb5599846cfced65c8f93073d07b76cd58b49ae6487ecf079ceaee0ed8b24e4f0060773c7e42b67c0fa1ddebde228adade192e6787330b68ee96da47656048477202b0033ff01f5a6e5a132f762e4f61fad784f54f0ee87e1fd4b525fb3d9eb56ef77631ed68cbc71b342b2eddb8e5a3383ceec1248c935cefda66ff009e8fff007d9ff1af44f1078c96f3c496d6de2fb3bbd76cb43b49349d32ca1d45225b3557778a3f3963659151e46ce02e73c1038ae4bfb1358ff9e23fefe8ff001a98c9add1942526b5449e3aba86fbc4978f0b653cd65dcbd0e3e5cfbe7159075099ac62b267cdac7334fe5851c332aa96cf5e8a38ce38f734970c3ed12323f9a0127cc538cff9ff001aac483824f1eb8aeda92f69394df566186a2a8d08525f652158aac64056ce4e33d3f2f5fc68f30c9b06e2d81819e83af19fc69b90ca0630ddcb1e0fa0e948bf2f18cf518ae74f53a876e5c0daa5492739e7ad4f743e66678fc898bb6f85536aa74c60678e77718e38f5aaab8208ce063b0cd696bd79a86a5aa4d73aadfc9a9ea1261a6ba9ae7ed0cff2803326e3b88000ea718c76c504eb729ac795321da467076fd09e3f2a559394f9154a0c6477e49c9c9ebdb8f4a646108197dac5b1f77e500f53f87d2961dbc0e87a161cfae7bd516b7d07f96cc46de32701ba03f4e3e9f9d4da7806ea20577966036e4739edce79fc38a8a38fce7504312c70362f53e98e3be2ae69cca9346640c53232571c0ce7a1ff003d6b296cceaa517ccac7e8dfece10c6be0fb1c65bf76a0b31e7a0c1fd7ad7d11a742ab1a0403919cb1efe95e09fb3ac65fc33644c6a7e440d83dc0e47eb5f4a6976f9857e5c82383b735f96d4f7b113f53f43c754e4847d08e190a332e78e99078f4eb5a367aa471c8a5dd5830e08ee3d6892ccb23285e08ebed599796f2c0599507cbfc59aa4dd3774783ee56d19da59ea70c8b9c823a6315a1f68b5399148c631f28c7d6bca25d42e2dfe55e08539273e9489e28b98c01918e71f3647f3f4ae98e3dc559984b2a94dde2cf50935285b237f19c86c5433eab0aa9cc833d791d715e61ff000935c48a72ea002491c83cf4efe95149ad5c5c2aa9906e3e8738a52c73be85c7286b76769ab6baac84236ecf39fe43f9570fe21d79618a4c6e77c70aab9c1ce739c54be5dc5c6172060821b9f6ea7f3a91345130daed938c1565e8791ebfa570d5a92a87ab428d2c3ee7c3bf1eec755d6ef25bfb988adac3b8aa32aed24703bf1839f41d8f00d7cb5ad59c961728771c2fc9b6455c6d5c15c923073c704771d735fa51f19fc0f15e6837244264932df2af07383ef5f9e3e3ed3d878825b3486792e2dd7f7abe59c0f949cf4cfa9e83bf3e9f5992d7e78fb3dac736714d72aab1ea70cb0aab488ceaaeb919c6e527078cfa9e838c73d475a7477623909daaca77e428014641038c7af34eba64ddf248ce996c0281554103a0c9ef9fc873cf02dafee630ad1b163ca8233df03d79c9fd2beaf47b9f1d67d0ad2cd25c659d8bb6d03e6f45181fa0156b4f821baf92799a18c648cb70a491b9b18f4006072703d29ad6a163d9e5969b383b4e42e39fc41193f91cf5a64291e5b7b02d8e3920e704fa1ee07f9c919efb151f75ddea4f246d6d7411e6124abf22bc07e52a7230081ce471f8d4b75bef16d91b89b0017c9da570bb463d87e3cf4e3996c920ca79f220842fcaca08661c83d064119cf3edd456b58e977f35f4b0246d1c6c193f78822daa4118e385ca8c75e720d66e4a26bcbd11d6fc2ef059b8b63713db7da60b853b79c1501c0057b824afdef6c03d6b6bc43f0aedc5bc93d949f678fabb6301d146d202e71d0b639e98c77af4ef83ff000ffc4d7da16eb3d11cdbe43e55882bce0ecc918c36ec8e983c7715e8579f05fc51addd18ae7498eca18861a6698c8f2839e401c0e3d73c9efd6be52b667ecebbf7d2b1ee470b1745268f8e34df869aaddc2e96f691488ac1e79e4c0c6dc8da390403b978c139db577fe1566a3ff404d53fef91fe35f66681f0462d1ef82269d332ed519524aa0c638e9e9d71e95d7ffc283f7b9ffbfc7fc69bcf629e8737d4d4524cfcbd9563dbc9e5541c3753927dbd2a066dd90176af6c8fe67b9ab22372aeff007171fc4d8cf23a67a9e41e3eb48ab24d93bb731ec4f27dbd49cd7dabb5cf0229b2bf3c6d3dfb7b5355576af527272318e303bfbf35626dcc065555580c11edc7afe94df272aa01dc496f970723dffcfa5472859912965c1c718e2a69638d58792ccf1e07ccebb4e70323009e87233dc73c740dfb395191c9c6718ce2b6af92d75fd51468fa749a75bf950a2d9b4e6e0ef11a2c8e18a8e1e40efb7f843e32719227dc7cb2ba491936d10665ce59bee85206327a0c9fc7fcf421b7925036ab7278e3bd68dc68f3d8a6f024da0e5b83f291df8e9839fcff003f4ef843f0dad7c677ccd6f3425e1899a68656daf138200e0fe3ebd2b2ad5a3469b9cb63b707859626aaa71dd9e5f6f6b334b16d8c330c9ebb4be012793dc7f856df85f4d3a86a4aa200ca70c18e70ac48c8e3f1e08eff008d7b76bdf0c6086ed6df2d24632de58c945c0008e3b9031fe38a6685e031a2eb51c2d13ba2b024aa82739072467db9e33c9ed5e54b30a7283e53e8e9e51529d5575a1f4efeceb677d67a047e6214836aedcf2181c1c835f4f68b16d8e305b23bb027f0f6af30f857656e343b28cc4bfeac29cf3fe7ad7b0e9f6aaa0285e9ceec57c1afde5573ee77e6b5145a8762ec56e0eecede4f5dd4c9ac1594803716e9e9d3d2b461411c6a36e08f4eb52344157b13e8062bd28d2ba3e43dab4f467277ba2c5212182eee33ff00d63f4ac0bad017e66033c751c0c57a34968ad95da0639f61e98fc6a9c962bb9be4cf3d38ac2787f23d1a38e947a9e7cbe1f0d956527a71b7d8d6859e82aac10ae029e38e3fc8aeb858fca0851d723818ff003c5598acd57181b428ebede959aa1a9bd4cc24d1cfdb68f1c69caf007276f3fe3561b4f4dad941d7b2f1d2b7a3894a81dbbf1cd122a80780768c7156e9d91c0f132933cabc79608ba6ce562dd9523eee79c71dbfcf35f97ff1dbc3efa3f8eef6670f6ff6873207c60a7523a1ebc75f615faefabd947343f380770c85535f2cfed45a7e81e0ff000addebb75616b75346bb2259fa799cede830707d7dba5181c44b0b89ba574f43dc8ca18cc37b293b35a9f9b73db4b7570b147cdc292155500638e07207278eb5a3ff00087dd47aed8e9ab034d733ba446dddb632b313b579e87df1d7b57d8ffb3dfecee21f17681afea02d757865b4fed477543b6d5cb6042382093c161d8938adbf0cfc2983c55f173c65e2ad42c9a39e3593fb3d9980649c10b9ce3b2e08c74c9e6bdcad9fd28d49538ec96fe7d8f3e9e5ada5fd687cd9e26f80fad78574b69f54b766b4f3442df665c6dcf279e7e5caa8e33db938af2ad7b43fb249b6389a3dafb5954938cf2327e84e38ec7ad7e8678e3c28d0f84a5b678b7ca31338e5cb48380724e5b8ef8af8b75af085c5cf89ee24893c891832bb490e3a827df07f841ed8f63932acd258a52751ec563b04a9d9c168729e0bb5bcbcf1269d1e8da5cba9df1ba492ded6280ca2e1c64ecdbfe71fad7dd76dfb3af87be2278c6c75cf13dedd781f58b98c4f7be129950492b265598302708c48c63a67d79af8c7c07e26d7be1df8de0d4fc3c5a3d6ed59ed966588bec25987000071b4e3a9e839c6057de1f02fe17eafe1ebcb4f145d69f75a9f8cbc41125d5eea5ab19248349b43ff002c63dedb9a67c0cfa7b0e0fab8f938c54d3b7ea736192716bfa47b9c3e0dd3f452965a2582e9f62106c55e0124727eb5a9696ab1b6d78d48c8da64fa8f4adc9e153b368900da06c607f2fd29eb611b46c72739cfddeffe4d7e538b82fac49c4ebfac7ba93218f4741bd8468559739da33ce075a9bfb063ff009e4bff007c0ff1a9aca316e36b1653bfe991e9577f79fdf5fccd387bcb438275249ee7e07c7b45aed644019f7090e4bae01181ce30491ff7c8fa1bfa0786352f126a4963a55ab5edcc876a2a719e719fe5f9d7d09fb37fc07d3fc45af2cde27b49846819a1d367420b9ddc17ce0600ed8efd0715f57d8fc2bd33c3be27b596df488e153f292a0e00c76e7ffadf31afd2f199dd3c34dd38abbfc0ebc2650ea252a8ed73e4af0efec63ac4ecdfda37f142eb18731edc64ff00709cf5e3b556b1fd9eaf2d7c5967a795f999498f77ccaac49c13f360761c7f778cd7df97de1c867b5f2e381d5fa0f9b1cfe75ca789fc1573e4e997d65f34d0b2b08f6f520f23b75f5f7fc2be6a39e626526a4f43e8a9e5f8349248f8a359f801acb5ec7a559699069722bb2dc5e5ce4226721883d40c1c8fe9c5717a6f85f5ff0005eac3516d3ae8dc5b2af990c96ff7a168c14900c72a5086ddd08afd0bf891a6c1e2ed12dfcbb710b961e7c6c369dc3b67ae7ad70bf0fbc0da6e9ff13f54fb1416efa76a366b70d6e02ec864207989d320e49ce33fa57a187cd6ad4a72e65739ea65f4799493b33e6ef117ecf9abea9e117d534957bdba8409e7893e6cc320dc8ea06781cf4cf4edda1f02f86f58b784f883c1325bdb6b5b04579a5b6f7dfc00c76f5ceecf4fcfad7d3fff00087f88ff0067ff001b45aa681a74de21f87f74db2eac634579ac632db982f20b20272060e0640c60574fe2afd9f6c35ed7e1f19781afdf42d7946f31c6498a507965299c0dddf8cd692c749c7924ee9edfe4c8851a50a8aa455bfcfb9e37e128ee75cb780ddcf6961ab4a77b5a4cb245231032c3e6033c9032339c1ebdbbdb3f87d6d79379aeaa64381b948c91f873815ea7a0dbf8924d2c47e24f07c13dd6d024b8b16428ed9ea036081c66b66c7c271b36f4b1fb17f17cfd735f355ead4e6b4558fa58e36308da6efe77433c0560ba7dbc710fb8a060f6cf7fad7abd8b21895b3953eff4ae4f47d20dbe149f971d793eb5d659a6c55c72179ce3a66ba30f0715a9f1d995555a6e48da85576fdeebd4e7f3a93cbfbbce075e0d411b11b7d383d2a71ec3383905abd784ba23e5e5b82aa1c003381ee38cd0d121909e9f81ff003eb52c633c0f9b3cf4fc295976f3b768c74c019ad3e447358abb1372ed39038031fe79a72ac61410770ea0629edf2fde04903f8462999ce3bfd6b3958bd588cabb09e79e33c5452305ed94c75c75f6fd2a65f978278e08e9cfe1daaa5f4db636f9f000ce738ce6b92a171577633353ba86de17662555064b71902bf3c3f6b0f1f4df143e2069de17d1d96e2da09843e50618799d805e87a75cfa0fa815f4f7ed15f15ffe111f0edd5bdb3f997520da1437af1f4af9aff63df03dcfc40f8b4fe2599d5ad349dcaec70c2495d571939fbc0739ed8acb0f6a6a58a96d1dbd4fa2549d1a4a2f797e47d6de05f0a8f853f09ed6ce7916696cedbf7b28e32c0658f3ea73f98ac0f83ba5a5d7876def1d0b3dd492ceca5b3825cf1fe7f9e6b5bf694f10ae8be029eda0655799b60dbc90304f4fc3ff00afdea4f83b1b5bf807c381916067b289d9393862a09009c63afa57c4e21b93751bdddbf567a146a4a341cbabfc883c73e1d9f56b59ede28a49728631b48c8c8e083ec71f9d7cdfacfc11d4347b496f7500b06d6660c8c01079e7183d79ebebd7d7ec98ed44f765c95e783827ae7f9d731f156ce287c2f7e658bf77e5eec609e7b62a7078cab856f976b970ab1aad5292d4f933f651f85b1f88bc5575717368af05bdc79b2c8ca1810172a327a75f5c727a6703ef8d1ae218f50b87914c8163c4687a673d6bcffe09f866cbc33e0881ad608a192e504b2c8146f6279009f6ce315d7dccf05b5eabb6080b9e477afa1cc3882a62a749c55941591f2d472e586a9595eee6efff0000dd75691632c9c96cfcbd14559b442369f2c64f3b71dfd6b323d6e192dcb29272076ce31deacd8eb5045852e36af1cae063ad792aac1cf596e13a75396d6343fb3e5931247b772824138fca99fd9b3ff7c54bfdb96ab18dafbd4904ff00519fad45fdb63fbffa1ff0aede6a2ba9c8bdaf63f3f3e377897c43e16f1540de05d4ed51e4b6f326611abc48bbc0c9c2fb1aec74ff00da5bc3379e17b1d3f599e4ff0084c5212f3c16903ca43a0e5b81c29f7f4af07f0e7827c51e09f105ddde85e16867b36478a55791b98c83f36304afe1dfeb917fc1b623c03f69b8bfd0b50fedbd4cac7737f1d99786d60cf1bb07711c9c9c670bd474af62a53a4e8a85f9adb34f57ea7b6b1d55d6e6efd3a1f4178abf680d1343d06d2d4cd35beb17d024b6b29b67922666031960303a8eb5e3363e32f8c5f11ae8d8e93a6dc6a573632f996f75a7116d1b92786705b040f4ce319e3b56f7c6b87ed5a269b71a1dbc1aa5a2471a2cb1a11c703283a019f5e84576bfb36fc67d03c29a7dbf86f5191747d62fe47559ae323cc909c290c781c90306bd3c970b86ad4a55271bbbec7b34e53ab1aaf771d92d2e70de3eff0085c9f0b7ed126ad6a08d6215b89ae262b35bda32fde504118620f1c63f9d50f85fac6ad7be36d32eec7532209b6bc88c000c491b80c760738af7cfda52582cfc036f0ea9e28b7b9bd923689ed649176dc3e321f683c15ebe9d6be78f0fea56d2dbe957ad71669716c8b6eb040a3cc6441b77372793cfe75fa064f87c3c63528c924e69a5eab63e478828d78e5f473484da7096b1f27b9f77d940d1db47bb9dc03617001fd6b574dd3e1b5f9e28d637619f900e6b0bc05a95bf893c31a7ddc04323a0030463a7ff00aeba9b7b61ca00188fe55f9f54a3eceab5d8efa95b9a3a3dcb7b373641e460f0455692c03373b80e9c8e6adc3105e8063a0cf7a7c803274527191dbbd653827ba3814dc5e8cab6fa6aae016cf719e06455c4b411b63763049c0e94eb761b87031f8fa55c8c8619f95c75e3a1ada94535666352a4ba902c437104f038ea7bd080479cb7d0f38fceadf979e08c7f9c7151184ef039f4ce2b5706b5461cd7142eec7cdbb8c16e71de932029046d0072339cf7feb44792c49ce08f4efe9522c658303c71c0c7e5d6a95d93b11ed5fbdd7d704d31a1e793c67231903bfe7567c92572142e79c7a7e34ef2f27f87af5e00e7fad37172173d8cd655da4104719ce3f1ae63c59ad269f6734aaac78cb640cf1d07d6baabecdbc6ec71f28e3a7f9ef5f3ff00c6bf18c3a2685717570e56153b553bc8de83f2ae0951a95a6a8d357948f6703084a5ed2a3b463ab3e54fda23c62f7fac5d078ddb2182281bbe52703af3d7bfb8afa83f663f85d07c2ff86f6d1c8ef2dfdd8173753371fbc2a3803d00c0fc2be6af817e0c93e2e7c5f7d57518bced234d7f35d0aee596439da9ee003f4e95f6df8a2f1345d1dd959a258c1c80785017bf15c39f4e18482c1d377e5f8bd4f5a35658c973edcdb7a1f33fed63e24dd25969d1aee26557528d86e5ba003a1e476ef9f6afa23c111fd87c35a3c52296786ce2dccc00e428ce476af8f2cef4fc5af8fda6d8c85a5b7b39fed33e5781e5956c367d5b6e0fa6eafb5669858c718937229e141e47b715f25982fabd1a54bed6efe676d6db963e86fe9b6f149207746fbdea493f97e1543c75a60bad1658fcb24b024ff2c56ae92ab22eef3011fc3cf24d57f165c2c36db1f69de471bba7d2b99ca3f576d9e1d39496263cbd0c6f0fdabdbe976d095608a9b72dc74a75ec2d348caacac01e76e78abf6c0792986058e32e0648e9ce4d57bcb8194129cb004005f3fcabcfba70499dbcf29547224d3a38ee17cb731f61c3163cf7c7e1fa5695f68b6134636ccb6eca777cc4fcc7eb838ac3d3a4dbb0062a41eedb077c6077ad1ba3ba29434a143a70558f0791918af429d48a8fc3739aac65cfa4ac685a69f6b26d6468df200c292c339c1e2b5bfe11b5f5fd3ffaf5cee8f7023644de5f2382a09208e33fcebabdadfed7fdfb6af4a8b84e37713ccc44a54e56e63c73c49ac685a1b5db0d3035cb424c890c78ca73c83dcf6e3dabc2b45f899e0b9b50b9b4be8752b5bbbecc31457d6c761c7015245cae4e41eb5f4d6bde19b0bc8e55d4a3cc3b485914e0af1eb5f347896c7c19a7f8c2ded65d6e5d2a38e64782e2e613e4b9248237e36e09e33fe22ae54d2a8d55dded63df8c94a37a76f99830f866eafbc3fad5f59db5ecda55abb7d8edac9b2d26012c01f4ebe9deb86f09fc21f12fc69f154b6d60b6f676f00569777fcb35c7019b19dd918e9dbe95dc699a5df782ef06a7a66bb33d8cd7cd188118bc2913b10460020e325b279e9cf5af4ff81fe21b1f87bf1175af0b4ecb6335f482e2da6ba2a9e76546507afa81e80fa1afb9e1ff0065194e77bb5fd33d1c1c631a15313495e715a2e9ea78a7c56fd9275ef01d8cfa8c57f6fac43b0ac9bc132c63192e093d73ce0638e3bd61780bc3fab378661b6fb1dadd3c71c7e71f395e709b9943633f29cab0c120f438c119fbc3c79259e95e039e3d735359e6649374f22a8ce49daa147a640fc2bf3eee3c33e478920d5c69d7dab59b7df782393cb8242ec76c807df05543719032075cd7d0e325c9175612b38bba6724a31cdb2f955c4c1df6f2773eaffd9c7c49fd9f1cbe199bcc592d98ca824e46d624e07a63d2be888a31f794ae4f4e0e6be208eef55d0534fd5e610c061758e14b4604b60e70c7afe63f1afae7e1af8ce0f19787edef233b5d946f52790c3a8ac711ecf19058ca3b4b7f2975fbcf87a2ea516f075be286de71e9f71d67967e55de4f3dbffd54793d06edc01e9fae2a568cb0e06063352430b6d0a579c64678c57952a4de86dcd629796576fcf904119c62a587e460373103af3ed9a9249a3f36389dc2c8dcaab6406e9fe78a9d6dce4763df93d6b0f66d3d04e7a6a117a31dc3fbddbd6a4dbbb3d8f4c1a16de4f4cf73efc54ab0330f9471f5c8f4ae985fa9cee4862dbac8a70189c678e9fcea68ecc70c72c481c7f9352429c11c64f1d3d87ff5eac44a4b104e7d8af6f6ada304de8612a8c863b50ca72a58f6e7afe668996355d9d3b9c0c1fae6a69a468d4ed20907f0cff91587ab5f7970b0e84f4f634546a23a5195496862f8ab528adad662ec0448a599b3c6d03249fd6bf34ff68ef8b53f8dbc41791437620d22d65296a990abdc124e7a923bfafe15f4a7ed79f184687a1c9e18d3ae7fe269783fd2591ffd545d7071d33c0fa66be0b87c3f75e2fd5bcc663159c4bb8bc80ed661bbe5d9fc5823f5c7ad7d26028c32fc2cb1b5d5a73f87c9773a64aa62ebac1517eec7597af447da5fb086826cfe1d5ceb976859afae59e30cbc8504804e3a6e1838ed5d2fed3df101b40f08cd2412aac937cbbb701f419faff2af45f84be1787e1f7c23d074749cced0d92b198a98cb9232cdfaf7af9dfe25430fc62f8bda3f8663fde69d6b33dc5e151b8305e7920639e98eb822bf18af5162f1eea4fe14dc9fa23ee2846d771dd688d8fd90fc03158da49aedd445b50d425662d228dc23ddf2a9fcfa76c7e27e98f11481b50853607dbce33c63fc6a9f83fc3965a2c7616b691ac11c600daa3a71536aaab71e2428492b1af5edc915e063314f1529557d5e9e844a5175528ed1474ba7a88238be5c719031c8e3ff00d555fc4d6e971046480463a7afebf4ab16fb57723367e8381599e24bccc68af9033c863d7bff00414aab8c68499e4d34e5593410e3c85036b151d7058e2aaea399210d1c664e7f857cb03d7353c6d1a5ba920a9dbc67e553fe73552ebf7a005656e38c217c67d3b573c2ce28ed87c770d189da9b51411c9f2937e0fae4d742c9e722001bee91b46d158da4421633bf79c740c31cfb015ab184854ee52add37797c7e19aeea36b6bb1857779e835ec6588398a592395948528e32a79c1fd7f9550fecff0088dff431dcff00df63ff0089adf918f92e763023952aa3d3fc6a3fed83ff003f2ff90af628d4a742e9bb5cf36a4655acda4ec729f10351d5e68aeacb4fb760e54946085b71c7afa57ca1ab591b7f0b5dd878c6051a52f99bee2f6701e20589e3dba9c71fe1f6f5adc2cb6ed8e58e41e338e2bcafc71f013c1be30d4a3d4b59b19af6e6162f1472b13106eb931e704fd456d528c954f6bccda7af9af43b633528fb2b58f8a34bf065958f81649fc37e33bcd334b8999e17c661c74cb6eeabdfa7d2ba9f18fc52d6fc5de118fc3fe2cd0ec6e278e2c41afd929717807dd3195e55b18e87a83d2bbff8c93a5addc1a23581b7d367b7db1bdbc5b63899587df007ca08e95ce7813c17042f6da64fa8595bdbc379bed96fae421c6dcec456ce5490063d09aecc3e39ca1ed1f7d3bfe074454a8d4e4a4fa6a72ff0566d5e0f106a6be318f51f1035bc624b56b9b8778197b81b9b1c7031ed5f46ff00c2ccd166f098fec3863b5bd68bcc1697307dd6ce0a32ff009eb5c57c3ef04f8bec6db5d4d56ded595a796585a004a888e08519cf4e7f0c77ac0bdbabab4d0591e0681ad59bfd22681622c0b12db5b197ea704e7b0e00c5157155731afec2fdb6d8f568d4ab3e4a137be872bab7c4bb7b5d62d56684d85edc6e5bc8214673c02c19558fdd6c1e7dabd67e0cfc46b5f0cdf69d20bf51a7ea27698ae084685bd4aff87ad7a7fc17f077856c7e1de97ad6b16f6f34c9116375751ab3451b3121738270338e6b9ffda93e0fe897da08d5ad6c96d190a6f9608f3b97200e38c7e3f4ef5fa765b81a583a6e8a6dc65a3ed7ff003479788c2613178afabddaad16ed2e9e9e8cfa3f4fba4bcb58e4491644939054e41ab6de5c6c1b78f9bd7a7e1c57807ecfbf1156e14689717925c400116934a854155c2904f720fa57bec76f1bfcc573dc8cd706230f3a151d367cb54d1bbf4fcc9c5ac77006fe003d7b7ff5e9ff0067955f01c15fe5ec29eb13703183c0f422acaa76da08ee1b245651a5ccb53925364661e87e63c7d38c51f66fba412b839e86ac940df2f63d714f11b6dc01c37f3abf628c39d9556df69c10401f5c0e69de5603609e99cad4db71bb03d7a8e86abdcc9e4ab1cf38ee071fe4d1ca96e09b93b229de4d1c71b61f76d1c0c8faff005af2af8a9e3cb1f017876fb59be9762c28422671bdb1c015d3f8c3c536de1fd32ef50be956dec6d95a591cf4c01debf36be397c5ebef8a3e2c9aecf98ba7424a5ad99e405c9f9bdc91cfff00a857a394e56f31aaeacf4a70d5bfd0db158b5975256d672d1227f07e95ff000b33c6d7dad6b9b66d32395a7bb69a611a364e426e6ec7815a31e9771f197e2e68fa6d94256cec6e92765b9dbb22823660db590818ca91c7a839ec737c2faf5c7867e1cdf349a83d9492b1ca43691b91b97e4f343f38cefe00ec6be84fd8bbe1a4da0783ee7c75aa2f9736ad6e16d205e0080127cc3eedc63e9ee6bc3e22ccfeb35aa558bb421eec7b7a9f4d95e1165b845cdad49eb2f57d0defda1be2d43f0bfc0f3cce236bb9a336f6f6e8f90c7693f800075feb5e73fb16f836fb50875df1beac9e65cea0cb140db40f955896dbc9c7248fc3f2f3dfda53579fe2d7c70d13c1f62db9ade65202e02190e7249c765cfe7f435f6b7857c350782fc3363a4da26c86d630a00000c81c9c7e75f9b622d84c028fdba9abf4e87b33972e8ba7e7d4ded1e149af4ed4da1075f4acafb4249e22957e5059c0271d40fe55d0693fbbb69653b94609038e78ebf85715a6cd1dd7899c6f1e6b64b0273dfd315e072a8d38776ee73d15cf2a8fb23d02dc0739ce30738ed8fc2b0fc4bcb2a01b554e07e5fe15b16b2795ce703f8588e31d3f9572de30d516de4859e5540f300b96c64fb56b8a92741d8e5c34652ad645e552d0aaa6ecaf18542df9e69b246e60dce1c1c721db68fd2acc16731b64dca086390598e0671e956a1d11a450c4aa7181b17273514a8ded64692a9186ecafa35b89101465db91c2723db935af716a9347fbc1b98e3077138a2cb4f16df233bcc06472315b16f6a9b972878e98f5af62850f72cd58f36b565cdcc8e65a48f98bfe5a1ff7b231e951fd9ec7fe79c7ff007edabb0fecd88c8ac503719ce31f51527d961fee37e42ba7ea6e5b987d6d2d91c46917021b96888cb3753d3bd56f1a6ad2e8b0a5cc518997ee94cf53505e2986fc328da09e7e99a4f14c6d269f0b91bb0431c8e0645754e52f6128add1ee429c5d6849f53e79f1c6a13f899afe19ade1861993695f336b2af391c800d79cf8b345b46d164b3b1d0ad753bbb478de37be8c36e18e4efc8e704e3b715ed7e37f04c57d05bfdb13314c796873c9ec091c815e75a94365e1fb8290c172c483e5ee7de085ed93ec6bc2c2d7e47cb6d53d8dab539466e4968741a3e91e2bbbf87505d693a979f181e65aa331665233ba16c30c608c0e78e2bce3e33787ad3549b4fd4a26d43cfd8ae44d2006da43b77061d3ae47e3d7ad6d7877e207daa2bdd37c1da95cd8ebd193713c371ca0270b9000c1038cff00bd5c7788b52b5f18ea5a5c1e21b3d5d7c56ba8f913e9f6f8fb35c3151874603ee9058e0f4f535eee0dca9d7f691d2cefe7ff000c54aba94535f1743d63e0e7ed152f8174bb1d1357d06ff5db4c15b6bab1412301fdc75cf383dc71822b33f683fda4758f1247069ede1bbbd17496944a61bbdab3ccaa460e01c05ea7af6ae67c3be0bd763f1d0d0edaf66d1aeee2e4c1f667fba5000cae1f39e9918efc735f56c3fb34787f52f0bc561accf73a8de471bafdb66605c3360e7f0c7e95fa960e73ad49549bb27fd5cf5e5570384e4c6e2a3cb565f3f9d8f05f0df882e6f343d37cad4eced20b77f3acbecea1766796dcddf93f99afa7be12fc444f1769a6dee5f65f5be1251d9bfda1ea0d7c75f17be18cff00093c4d0e9f6534b79a5ddc808b562cc91e1b8cb7f7bbe076af68f0dea560ba6da9b2bf8b4ef125990aaa18ec9d7b823fc7be2b9a352386a8b078b9defac65dbc9f91f279c65b569cbebd45f3467abb75f34bb9f542676b156dc739e31d2acc6b9e739c719feb5c37c3bf881078a2d193fd5df42764d164fc8c3f98f435dcc730298c7239cd754a9383e591f2727ccb9a3b127967a36ec9c134edbf2839dd8c1c7a7bd47b8ee6f97f5cd2c927008e38c73c75f5a9b58c6cc2e1c264f38c7519e7fce6b98f106aab6f13b3332a81966cf18eb935a1aa6a2215386c6338c8f6ebd6be1ffdad3f68ab96b89bc21e1ebc58d7052fae623c938fb8a474382727dab5c2606ae675d50a5f37d91b54ad4b2fa2f135f65f8b395fda5bf6858fc6f71278734476fec98e43e6dc6e23ed0c3ff651dbd6abfecd7f0b34f9a1bcf881aeb4674dd377bdb5aef0dba5507e66f61e98e4e2bc5fc17e1cb8f1b78bb4cd1a12b1c979308cb92005524963ea30bb8e2be85fda0f50b5f833f08dbc33e1722de39f6abb890199cb11b9b27fa0e302bdde28c553c9f074f27c16939efe9d59e6f0dd0af9d62e799e2be08ec8f29f325fda8be39dae831c5f678249e449ee210a3102905db2b8c9c10013d39f502bedef8cde2cd27e10fc35b80816dacec6d8410c0bd805c228fd3f2ae07f61bf81969e01f010f17ea169e5ebdac2921e7521a087385500f4ce031f735e71fb65f89aefc65f103c3be07d3db7b5fcc37221ceec100823392304e7d81f4afc6318a15eac30b07ee2fc96ecfd2213756b36fecfe656fd8c7c06fe2dd5b52f887aadae2f2f267687cc192993c91f5c0c75e31cd7d897cbba238718c8f998fbd607c32f04daf80fc23a768d6812286da1540178e9f53fad6ddedc83709197c0ce7006735f2d8daff589ca7d1e8bd3a0ea4dcaa72c7a17e4c59e8734980bfbb27af5e0f39af2af856d73a86adaa6a170dbe0329f259f2781c6071d3fcfd3d0bc41a93b6937088a42b21196c739f41fe7ad637866cc69f631451858c30e3b923bfe358cedcf1b7446f87bd3c3d4bef23b68ff007719e31d3b6323d38fa57927c5dba16fac787577318daf635231c1c9e9f5cd7a7c3741d42e58478182463fcfa5797fc488e2bef1c68902b2b6c757da72a7fcfd735589b282f5272c8db11af667abdbaeeb640c7a63b67e82b4ed221e5e0657a10702a95ac6a208b1bb18078ebf4ad487e584e0b0dbce07a1c726bd3c3c763c0ad2dec35406674cfcea77118fba7a83572dd769f9979fe9486dc162dcae4f51c76a91142e369277719c74aee8c7538252ba27560aaa38dbebc0ed4cf287fcf6ff00c7d7fc29922c61415dc428db9a8fcc6ff9e52fe6bffc55757918dba9e6b67a926b16a93a157c1c1c0e87f3ad4f12c4d2786e5d8a3e540c08eb9af9f27f194ff087e2d2f87f57691349d5f06d6e241f2ac833c67df81f5afa267b98effc36591d5d644c82a322b28c5aa72e6ea8fb7c552546ac254dde2de8795ea7637faee9922da2b49398cac6e83214f3db3dea95b78375cf13e836c9ab69717872ead50a41e5cab2acb8c80c47f0e78e0fa9aed7c0adb792cdfeb0ae4ae33e99e315dd5e5b095577004e33fe7f4af2f0f8185484a6dea563311eceaf25b43e567f827e2ab5ba4bfd43c5f36956913b34d0456d16c707b038dc3919ea7ad731ae58da69de235d43c3d7535cea7a7c865b9d4e2b90f22404003740dc796a57965191bce491d3eacf185cd858e8b2adec2cc1d391b723f5ff003c57c87e21f0d0d42fbfb4ecadaf2ceda199cc5776538696d64c0059a21c98ce40231820fd6b6f6aa15f939b65fd266117050e7e5ea7753788a3375a27c458ed9e7beb168edb52365b9965b6900c4c300f007381e839af75b5f8bbf0daf2dedbc4b2f8c34f63a7c2c42b5f6df28383cbc79eb8047233d6be7bd0fc5971e15b333bbe2d24b745b99ad62dea58e0860a474c672707ad2eaba5f857c4b706d751d0ece6b87612db4d1d9aa36707712ebdff002afa7c0f11c30b4153a916edd5763d0c453c36634e11aedae5d9aedd8adf197c7d3fc62d6ad351f0e0be9344b393115d42084964246d600f39c640e09c76f5ec743f871e33b1b7b4d4ed7c322eae00cca2f2e956471d470bebff00ebacf6b2934bf1a7832ed62b5d3342b69f6490acde4c7b8a90ac14f273e86beadb5d4351926b17b64b64d34ee33bb8632118f97610401ef9ed5f654160f32a70c44a37ec7566f8c86068d0587a6a51b75fcbd4f9fedeea7bcd5a6bdd1e41a2f8a2c479579a4cae0b38001e80e0823a1fc2bd8fe1efc52b3f151fb24a7ecda9c2009ada652af9e99f715f36fed4dac341f18743fec1d4869b7e6df64b74b28cc5924e7183ce013cd3bc25a789352925b5f11dc3ebf6bb4adc6a5380f71cf23200e31e82baab62f0f4eac30759d9b5eebede4fc8f8fcd72af610a78dc22d2a2e6943b79a3ed159baf27239e0551d4f5116aa5d8edc73f8f4af35f06fc6bd2b51df637f709a76a9082b24129c74ea413d477af17fda7bf69d83c37a63e9be1ebd827d52e572648df77908472dc77cff008d3a784af88acb0f4e3abfb92ee7cf73d1a34de22a4bdc5fd5bd4abfb497ed410e86f71e1ff0fde2bea854c7737119c8b7ef8073f7b91f4af8af578ccb31baf30ca666def233eedc4f73cf5ea79e6a85dea8f757cf713c9e633bee67eec4f524faf3fad747e113a7437826d5cccba1ab056654e5988fba307a9afd4e8e1b0dc3b80757af57dd9f99e231588e24c7ac353d21d1765e67b27c25d0f4df857e03bef1beb56dbb5593e4b04900dc8391b947f79ba7e147c0cf86baf7ed35f14a1f16eba248bc23a75d79eaaf9093b213b635ce0e010189f61d73c42be19f127ed07e28d3b4c8ede6b4f0aab285955061106477ea4a8c0ea3e6e7dbeeef07f87f49f877e11b3d234d892daced2208810638039240ee6bf9d732c7cf138aa98bacff00792ffc963d8fdce9d1865983a784c3adbf17dcb3ac5d269fa618a10aaa898555c00074e3f2fd2be56f00f86a4f1d7c7cd7bc5ce923db6940d85b2c8836ef3cbb039e4f41f874a3f6a0fdaa0f82ee3fe11cf0eac77bafdc865e07c917619f56c91c0f5fc6bd03e092c567e09d3e099c4f7e60596e9ededa560f2bb10c7730193bb39f4ebd2be46ac2b72fb64aca4acbd3ab3d2c3254694aff0011e94ad240a54aee1fc44b0fe59aaf6b18bcd48baeef9380dbb23f4a1b545599e364b90ab9db2b46117ae33c9cd5ad3ed7cc88c8a5951b92dbb6fe39ff003d6bc8a986abee69a19f3a49f723d4977208d933bb19f9707af152dbd9ced1ec5871b9460b1dbfa7ad44b22b5e24624663df9ddc66ba7b38cee1f31f41df3c7ad6d4a3ed27a98d5a8e941223b3d164db1966db8c7dc24e78ee4d78bf8baf27ff0085fda3e910465aca6b479a46ce76907807dbf2e9ef5f4227ee2ddb9249079f4e6bc434cb56d43e356a77e448520b54b704f032589c8ff3db35be2630a7cb1b5ee3cb6a4e52a951bd933d7618f10c4319555ce715a56bf2c6373704fa5538e30b12e4f4fe1cd5a8f6801473edf4aeea2accf06a3e62d08d4c6413c018fbbc75a6fccb2052e0aafd3d3a75a1db7f23b8ec48ff003c54170df2a1c7be090307eb5d0db47325735161531e18e47524f73d7149f671ff003d23fccd36365646ce73d793fe7fc8a971fedb7e7ffd6aeb48e6d51f217edb1a6dadd7c3317f240ad796a4b433f4743823208ae87f666d72ff005af81da34f7d7525d4cd0ed324872c40f534515a3ff7697afe87ddc35a11bff5a9d0782e67fb45cf3ff2dc76fc2bd4a41be3507a7d71ebfe14515c780fe1b31cd3f8c8e73c4d04775637292a89176f46af91bc79349637773716d2c96f34326c4685cae17ae081c11f5a28af36ba5f591d3ff77f9976de46bcf0edab4ccced244a5ce704fcbed599f0f33ff086683317769563721d9cb1e0f1c9f4a28ae5a7fc097a9ad0f89fa09f0f6d62f881a37896ff00c429fda97903bc714d31c32283c004631d07e55c2dd7c7ff00883a0784efa0b0f13dd5bc56ed1c112848db62191d700953d801f851457e9391b7ec1c7a5cfaccbe11a9864a6afaf53aa370f7dff08ddeddedbcbad46c0c9752dd2894c8c5d549f981c7048e31d6b5f4bb58a4d52d5d9017589c87fe2e08239eb45146709395dae8699d457b48e9d0ea7e3069369ff0a4eeb56102aea4a702e5721fafa8af88aea6926b825dd98919249ebc0a28afd8f845b96554e52d59fcc1c51ee66138474564edd086dfe6fb382321b248fa2e47eb5db46a268fc1960c00b4ba9e579e351b7791d32473f8514561c6726b094d27d7f43a781a3178aa8da3f46be0e69769a768307d9ade3872849da31ce7ad745e2eb8961d3a628e57e47fd28a2bf9be5ad2bb3f5fa9fef67e62f84ee1f56fda5f4b96f48ba924d6a47733286c95670a707d001f957e98692ed71a7c2ceec4e71f2b11c6e3e94515ee661fc4a6bfba823fc27eaccbd6731d9ef0cc58b725989ee7d6ba9d0d43699131192ca0927fddcd1454d049c35ec70d4f88e59a678fc7e2d55b6c060dc5074ce4735e8562a371fa9fe94515f3764aa69dcdf1bf0c7d0bf7036aba8e857a67dabcc7c1d1aaf8835270a0333024fe14515cb8cfe253232ffe056f447a55bffa96fca96363b739e40e3f3ffebd1457a51dd1e43ea5a85885c7604d0df31c1e849cfe74515b4b630ea4db8ac71007820e6a2fb54bfdf34515d14dbb13147fffd9, 'hello');

-- --------------------------------------------------------

--
-- Table structure for table `orders`
--

CREATE TABLE `orders` (
  `id` int(255) NOT NULL,
  `bookname` varchar(255) NOT NULL,
  `userid` int(255) NOT NULL,
  `price` double NOT NULL
) ENGINE=InnoDB DEFAULT CHARSET=latin1;

--
-- Dumping data for table `orders`
--

INSERT INTO `orders` (`id`, `bookname`, `userid`, `price`) VALUES
(1, 'Introduction to Database', 1, 160),
(2, 'Introduction to Database', 1, 160),
(3, 'Introduction to Database', 1, 160),
(4, 'Introduction to Database', 1, 160);

-- --------------------------------------------------------

--
-- Table structure for table `user`
--

CREATE TABLE `user` (
  `USER_ID` int(255) NOT NULL,
  `NAME` varchar(255) NOT NULL,
  `EMAIL` varchar(255) NOT NULL,
  `PHONE` varchar(255) NOT NULL,
  `DEPARTMENT` varchar(255) NOT NULL,
  `GENDER` varchar(255) NOT NULL,
  `DOB` varchar(255) NOT NULL,
  `PASSWORD` varchar(255) NOT NULL,
  `STATUS` varchar(255) NOT NULL
) ENGINE=InnoDB DEFAULT CHARSET=latin1;

--
-- Dumping data for table `user`
--

INSERT INTO `user` (`USER_ID`, `NAME`, `EMAIL`, `PHONE`, `DEPARTMENT`, `GENDER`, `DOB`, `PASSWORD`, `STATUS`) VALUES
(1, ' Fomy Fatema', 'kfatema127@gmail.com', '01611172285', 'CSSE', 'female', '2014', 'Hell', 'Active'),
(4, 'Musabbir Islam Rafi', 'musa@gmail.com', '01611172285', 'EEE', 'male', '', '1234', 'Active'),
(161, '', '', '', '', '', '', '', 'Active'),
(162, '', '', '', '', '', '', '', 'Active'),
(163, '', '', '', '', '', '', '', 'Active'),
(164, '', '', '', '', '', '', '', 'Active'),
(165, '', '', '', '', '', '', '', 'Active'),
(166, '', '', '', '', '', '', '', 'Active'),
(167, '', '', '', '', '', '', '', 'Active'),
(168, '', '', '', '', '', '', '', 'Active'),
(169, '', '', '', '', '', '', '', 'Active'),
(170, '', '', '', '', '', '', '', 'Active'),
(171, '', '', '', '', '', '', '', 'Active'),
(172, '', '', '', '', '', '', '', 'Active'),
(173, '', '', '', '', '', '', '', 'Active'),
(174, '', '', '', '', '', '', '', 'Active'),
(175, '', '', '', '', '', '', '', 'Active'),
(176, '', '', '', '', '', '', '', 'Active'),
(177, '', '', '', '', '', '', '', 'Active'),
(178, '', '', '', '', '', '', '', 'Active'),
(179, '', '', '', '', '', '', '', 'Active'),
(180, '', '', '', '', '', '', '', 'Active'),
(181, '', '', '', '', '', '', '', 'Active'),
(182, '', '', '', '', '', '', '', 'Active'),
(183, '', '', '', '', '', '', '', 'Active'),
(184, '', '', '', '', '', '', '', 'Active'),
(185, '', '', '', '', '', '', '', 'Active'),
(186, '', '', '', '', '', '', '', 'Active'),
(187, '', '', '', '', '', '', '', 'Active'),
(188, '', '', '', '', '', '', '', 'Active'),
(189, '', '', '', '', '', '', '', 'Active'),
(190, '', '', '', '', '', '', '', 'Active'),
(191, '', '', '', '', '', '', '', 'Active'),
(192, '', '', '', '', '', '', '', 'Active'),
(193, '', '', '', '', '', '', '', 'Active'),
(194, '', '', '', '', '', '', '', 'Active'),
(195, '', '', '', '', '', '', '', 'Active'),
(196, '', '', '', '', '', '', '', 'Active'),
(197, '', '', '', '', '', '', '', 'Active'),
(198, '', '', '', '', '', '', '', 'Active'),
(199, '', '', '', '', '', '', '', 'Active'),
(200, '', '', '', '', '', '', '', 'Active'),
(201, '', '', '', '', '', '', '', 'Active'),
(202, '', '', '', '', '', '', '', 'Active'),
(203, '', '', '', '', '', '', '', 'Active'),
(204, '', '', '', '', '', '', '', 'Active'),
(205, '', '', '', '', '', '', '', 'Active'),
(206, '', '', '', '', '', '', '', 'Active'),
(207, '', '', '', '', '', '', '', 'Active'),
(208, '', '', '', '', '', '', '', 'Active'),
(209, '', '', '', '', '', '', '', 'Active'),
(210, '', '', '', '', '', '', '', 'Active'),
(211, 'Ashik Mahmud', 'ashik@gmail.com', '35637', 'CSSE', 'male', '', 'Hello', 'Active'),
(212, '', '', 'v', 'xvx', '', '', '', 'Active'),
(214, 'Sakib Galib', 'galib@gmail.com', '016111111111', 'EEE', 'male', '', '1234', 'Active'),
(215, '', '', '', '', '', '', '', 'Active');

-- --------------------------------------------------------

--
-- Table structure for table `wishlist`
--

CREATE TABLE `wishlist` (
  `serial_no` int(255) NOT NULL,
  `name` varchar(255) NOT NULL,
  `price` double NOT NULL,
  `user_id` int(255) NOT NULL
) ENGINE=InnoDB DEFAULT CHARSET=latin1;

--
-- Dumping data for table `wishlist`
--

INSERT INTO `wishlist` (`serial_no`, `name`, `price`, `user_id`) VALUES
(1, 'Let Us C', 150, 1),
(2, 'Let Us C', 150, 1),
(3, 'Let Us C', 150, 1),
(4, 'Let Us C', 150, 1),
(5, '', 0, 0),
(6, 'Introduction to Database', 160, 1);

--
-- Indexes for dumped tables
--

--
-- Indexes for table `book`
--
ALTER TABLE `book`
  ADD PRIMARY KEY (`BOOK_ID`);

--
-- Indexes for table `cart`
--
ALTER TABLE `cart`
  ADD PRIMARY KEY (`serial_no`);

--
-- Indexes for table `course`
--
ALTER TABLE `course`
  ADD PRIMARY KEY (`course_id`);

--
-- Indexes for table `department`
--
ALTER TABLE `department`
  ADD PRIMARY KEY (`dept_id`);

--
-- Indexes for table `orders`
--
ALTER TABLE `orders`
  ADD PRIMARY KEY (`id`);

--
-- Indexes for table `user`
--
ALTER TABLE `user`
  ADD PRIMARY KEY (`USER_ID`);

--
-- Indexes for table `wishlist`
--
ALTER TABLE `wishlist`
  ADD PRIMARY KEY (`serial_no`);

--
-- AUTO_INCREMENT for dumped tables
--

--
-- AUTO_INCREMENT for table `book`
--
ALTER TABLE `book`
  MODIFY `BOOK_ID` int(255) NOT NULL AUTO_INCREMENT, AUTO_INCREMENT=3;
--
-- AUTO_INCREMENT for table `cart`
--
ALTER TABLE `cart`
  MODIFY `serial_no` int(255) NOT NULL AUTO_INCREMENT, AUTO_INCREMENT=7;
--
-- AUTO_INCREMENT for table `course`
--
ALTER TABLE `course`
  MODIFY `course_id` int(255) NOT NULL AUTO_INCREMENT, AUTO_INCREMENT=11;
--
-- AUTO_INCREMENT for table `department`
--
ALTER TABLE `department`
  MODIFY `dept_id` int(255) NOT NULL AUTO_INCREMENT, AUTO_INCREMENT=5;
--
-- AUTO_INCREMENT for table `orders`
--
ALTER TABLE `orders`
  MODIFY `id` int(255) NOT NULL AUTO_INCREMENT, AUTO_INCREMENT=5;
--
-- AUTO_INCREMENT for table `user`
--
ALTER TABLE `user`
  MODIFY `USER_ID` int(255) NOT NULL AUTO_INCREMENT, AUTO_INCREMENT=216;
--
-- AUTO_INCREMENT for table `wishlist`
--
ALTER TABLE `wishlist`
  MODIFY `serial_no` int(255) NOT NULL AUTO_INCREMENT, AUTO_INCREMENT=7;
/*!40101 SET CHARACTER_SET_CLIENT=@OLD_CHARACTER_SET_CLIENT */;
/*!40101 SET CHARACTER_SET_RESULTS=@OLD_CHARACTER_SET_RESULTS */;
/*!40101 SET COLLATION_CONNECTION=@OLD_COLLATION_CONNECTION */;
